symbol,decision_session,decision_time_utc,execution_session,price_start_session,input_start_session,input_end_session,max_model_input_session,n_price_observations,n_returns,input_sha256,future_input_violation,insufficient_window,status
AAPL,2024-01-05,2024-01-05T21:00:00+00:00,2024-01-08,2023-01-04,2023-01-05,2024-01-05,2024-01-05,253,252,504a08317293e8dec24628f3370371a3b9d122e47217749230815e6c63fb1810,False,False,passed
AAPL,2024-01-12,2024-01-12T21:00:00+00:00,2024-01-16,2023-01-11,2023-01-12,2024-01-12,2024-01-12,253,252,ac5b2245e5f36dbcf73fa0aa51ab927b7e644885325b1317f9dc1eb8a5c9ca45,False,False,passed
AAPL,2024-01-19,2024-01-19T21:00:00+00:00,2024-01-22,2023-01-18,2023-01-19,2024-01-19,2024-01-19,253,252,3e4d1e3c4a4bc46a1fd72f89a51ad39e11411466c7bb00da70f85171dab05439,False,False,passed
AAPL,2024-01-26,2024-01-26T21:00:00+00:00,2024-01-29,2023-01-25,2023-01-26,2024-01-26,2024-01-26,253,252,85dc0270ef4c47f33b5ef43472bbf9db3d4bc6607f341175b1f9b0d39a0d8fb4,False,False,passed
AAPL,2024-02-02,2024-02-02T21:00:00+00:00,2024-02-05,2023-02-01,2023-02-02,2024-02-02,2024-02-02,253,252,d77e47b60d68ec142be094f0fd217676726a80bacab17a2427f290eb7ea9de72,False,False,passed
AAPL,2024-02-09,2024-02-09T21:00:00+00:00,2024-02-12,2023-02-08,2023-02-09,2024-02-09,2024-02-09,253,252,77b696c5c150e2c6310d006b78c0b366c8efa64624bedc18f6c76fb132cd78de,False,False,passed
AAPL,2024-02-16,2024-02-16T21:00:00+00:00,2024-02-20,2023-02-15,2023-02-16,2024-02-16,2024-02-16,253,252,8a8276f3b2089481be0b8ff467cb17f5b8db5124a09ff14773b365d948b6feb5,False,False,passed
AAPL,2024-02-23,2024-02-23T21:00:00+00:00,2024-02-26,2023-02-22,2023-02-23,2024-02-23,2024-02-23,253,252,cf4243c39d08c1a80f0f3deb31daae8e93de4f1bf0d11ee564f8f87c1118e28b,False,False,passed
AAPL,2024-03-01,2024-03-01T21:00:00+00:00,2024-03-04,2023-03-01,2023-03-02,2024-03-01,2024-03-01,253,252,67e05c5fb53f7a265f2a94ed1da3fad702ec5903103a4033235a8d218138facf,False,False,passed
AAPL,2024-03-08,2024-03-08T21:00:00+00:00,2024-03-11,2023-03-08,2023-03-09,2024-03-08,2024-03-08,253,252,4fccbf9b20bf2b75db0a40a920ae87d2e74547b70cbc561816cf65b665967be1,False,False,passed
AAPL,2024-03-15,2024-03-15T20:00:00+00:00,2024-03-18,2023-03-15,2023-03-16,2024-03-15,2024-03-15,253,252,6e56928af1abe99d32b98f2f23668208b50a18800cedba7d3a440677e4ace284,False,False,passed
AAPL,2024-03-22,2024-03-22T20:00:00+00:00,2024-03-25,2023-03-22,2023-03-23,2024-03-22,2024-03-22,253,252,8db10a6fd4f0f8df7b007ad8c8cce1fb02938a3533ef307316a85dd19cd03788,False,False,passed
AAPL,2024-03-28,2024-03-28T20:00:00+00:00,2024-04-01,2023-03-28,2023-03-29,2024-03-28,2024-03-28,253,252,3ba04f01f16bfc137843fec55808a943e6fb07e8d592635dabeaecb2c16ddfc1,False,False,passed
AAPL,2024-04-05,2024-04-05T20:00:00+00:00,2024-04-08,2023-04-04,2023-04-05,2024-04-05,2024-04-05,253,252,54e2df1cdf33c6e9a3ba088b0ceb1a6702987ad82fd18b9c6a0efc475f1b363c,False,False,passed
AAPL,2024-04-12,2024-04-12T20:00:00+00:00,2024-04-15,2023-04-12,2023-04-13,2024-04-12,2024-04-12,253,252,5687b07cdaf50bda7f2114931344d61d479f2e4eb0f2fa1d26999bc0c0fd49b6,False,False,passed
AAPL,2024-04-19,2024-04-19T20:00:00+00:00,2024-04-22,2023-04-19,2023-04-20,2024-04-19,2024-04-19,253,252,d07b0c232ddb81206f7693ecd430000456a6b73f8dc901b865368baf6792a6e7,False,False,passed
AAPL,2024-04-26,2024-04-26T20:00:00+00:00,2024-04-29,2023-04-26,2023-04-27,2024-04-26,2024-04-26,253,252,baa7b4d123f5d1378b6c4a59ee63e8d7cb211406443f382ced5216c88f9ec330,False,False,passed
AAPL,2024-05-03,2024-05-03T20:00:00+00:00,2024-05-06,2023-05-03,2023-05-04,2024-05-03,2024-05-03,253,252,ae03517bd17bdd2c8b2892261e4dc30c1aa25eff8578d962ba299c4677c97eca,False,False,passed
AAPL,2024-05-10,2024-05-10T20:00:00+00:00,2024-05-13,2023-05-10,2023-05-11,2024-05-10,2024-05-10,253,252,64c06bb6b3c138a833f6c64111035be6868703e1a72bb6707403e632b8fa3c25,False,False,passed
AAPL,2024-05-17,2024-05-17T20:00:00+00:00,2024-05-20,2023-05-17,2023-05-18,2024-05-17,2024-05-17,253,252,c29503cae7682282ebe14c9c0e7c44831568ede56cf5b5a47df6b5689e622a92,False,False,passed
AAPL,2024-05-24,2024-05-24T20:00:00+00:00,2024-05-28,2023-05-24,2023-05-25,2024-05-24,2024-05-24,253,252,292918d21506f48d31f49b38e3a2c2a44b6496bafdf52bdf4b67e227b0030370,False,False,passed
AAPL,2024-05-31,2024-05-31T20:00:00+00:00,2024-06-03,2023-05-31,2023-06-01,2024-05-31,2024-05-31,253,252,25788f499dfa708a282098d6de9047f481ae7a74418365d3fca7712473be6c58,False,False,passed
AAPL,2024-06-07,2024-06-07T20:00:00+00:00,2024-06-10,2023-06-07,2023-06-08,2024-06-07,2024-06-07,253,252,fc2b8cf572c52b6466cc45c322f7580072058ec1900df0c1791eb7b1b948f358,False,False,passed
AAPL,2024-06-14,2024-06-14T20:00:00+00:00,2024-06-17,2023-06-14,2023-06-15,2024-06-14,2024-06-14,253,252,485cc28a1640b110aff46a8eb5e381226f6706546e01e692ae5f672a50e82ef6,False,False,passed
AAPL,2024-06-21,2024-06-21T20:00:00+00:00,2024-06-24,2023-06-21,2023-06-22,2024-06-21,2024-06-21,253,252,2d1027dd02c1798d68b372eaec4c8f0fa172123a1bed01dc688ac0a17e4b84d5,False,False,passed
AAPL,2024-06-28,2024-06-28T20:00:00+00:00,2024-07-01,2023-06-28,2023-06-29,2024-06-28,2024-06-28,253,252,5730a8fff601cc79ed8fe444c8c0a67397fdbde377bdb505338b75bed319be08,False,False,passed
AMZN,2024-01-05,2024-01-05T21:00:00+00:00,2024-01-08,2023-01-04,2023-01-05,2024-01-05,2024-01-05,253,252,11775bc4bcd16561eca7d825f9053907faaa082b38b226ba3bcba2457751e5e7,False,False,passed
AMZN,2024-01-12,2024-01-12T21:00:00+00:00,2024-01-16,2023-01-11,2023-01-12,2024-01-12,2024-01-12,253,252,a0d6ea6216ce3a04cfe147db3acde4cea4b55425280de491ccddc0946ca2bde3,False,False,passed
AMZN,2024-01-19,2024-01-19T21:00:00+00:00,2024-01-22,2023-01-18,2023-01-19,2024-01-19,2024-01-19,253,252,46168ebce8a95181ab7015788b1040da2bee2f948ccff6c1ef34900183be92d9,False,False,passed
AMZN,2024-01-26,2024-01-26T21:00:00+00:00,2024-01-29,2023-01-25,2023-01-26,2024-01-26,2024-01-26,253,252,c055c89ceb187faab8260c77e07bd7fe4fcc4835989a2b6cc39a4f57919f8cbd,False,False,passed
AMZN,2024-02-02,2024-02-02T21:00:00+00:00,2024-02-05,2023-02-01,2023-02-02,2024-02-02,2024-02-02,253,252,bbb56cbba24e14a789e26a3f6116d57d45ec0a302b726cd214c4f64867a4531b,False,False,passed
AMZN,2024-02-09,2024-02-09T21:00:00+00:00,2024-02-12,2023-02-08,2023-02-09,2024-02-09,2024-02-09,253,252,00d3b2caf46e468374b89cd53c9aa51ff287a074bd5fe8ead2e2651479b070f8,False,False,passed
AMZN,2024-02-16,2024-02-16T21:00:00+00:00,2024-02-20,2023-02-15,2023-02-16,2024-02-16,2024-02-16,253,252,255dfbee2676fd5912eee65ad2b54f6a8995790a6a7a1feb960e63da3dbf7307,False,False,passed
AMZN,2024-02-23,2024-02-23T21:00:00+00:00,2024-02-26,2023-02-22,2023-02-23,2024-02-23,2024-02-23,253,252,8e1764f5ceba8e55e5a8df60518c5ec75eae8d4fb3e04e0a6b9e1136ffe41dfa,False,False,passed
AMZN,2024-03-01,2024-03-01T21:00:00+00:00,2024-03-04,2023-03-01,2023-03-02,2024-03-01,2024-03-01,253,252,97e32a9d9b0e28a8370fbcdedf204b973be6f06e8ee69ff91362792ddf4956f3,False,False,passed
AMZN,2024-03-08,2024-03-08T21:00:00+00:00,2024-03-11,2023-03-08,2023-03-09,2024-03-08,2024-03-08,253,252,b40b04dc1d200b63015950d11533812008c76a2505477bb90a504df0944da52d,False,False,passed
AMZN,2024-03-15,2024-03-15T20:00:00+00:00,2024-03-18,2023-03-15,2023-03-16,2024-03-15,2024-03-15,253,252,2d22e15e7f0a7c56d1597b287cf94e04b2b3a333b6a9eb3f4d09bb43c43b9214,False,False,passed
AMZN,2024-03-22,2024-03-22T20:00:00+00:00,2024-03-25,2023-03-22,2023-03-23,2024-03-22,2024-03-22,253,252,4054f736c34b07f6583184f47770e93f926b96f1eedb3970b312f925126e22de,False,False,passed
AMZN,2024-03-28,2024-03-28T20:00:00+00:00,2024-04-01,2023-03-28,2023-03-29,2024-03-28,2024-03-28,253,252,0ae46d14956a0693f5eb9d581d61527d42557d12d02d0ba2a54c840659971afa,False,False,passed
AMZN,2024-04-05,2024-04-05T20:00:00+00:00,2024-04-08,2023-04-04,2023-04-05,2024-04-05,2024-04-05,253,252,91ca456c4b17a97bc41d8f2b78beb1aaf8017d740cb2800ff73b354e8c2d98dd,False,False,passed
AMZN,2024-04-12,2024-04-12T20:00:00+00:00,2024-04-15,2023-04-12,2023-04-13,2024-04-12,2024-04-12,253,252,220430744c45a46a62524ef129b54c7164355fde43b2058d8064b46879a008b3,False,False,passed
AMZN,2024-04-19,2024-04-19T20:00:00+00:00,2024-04-22,2023-04-19,2023-04-20,2024-04-19,2024-04-19,253,252,dabb4ccd988a3e33557b3e638b62d6a017331d05725e5a92f09c2c8628faaec1,False,False,passed
AMZN,2024-04-26,2024-04-26T20:00:00+00:00,2024-04-29,2023-04-26,2023-04-27,2024-04-26,2024-04-26,253,252,2b2464b02b40c63dc58bf5c21e2ee88826b222a57eae0ea72974e35a20a904e5,False,False,passed
AMZN,2024-05-03,2024-05-03T20:00:00+00:00,2024-05-06,2023-05-03,2023-05-04,2024-05-03,2024-05-03,253,252,93715b883a8623bdba0dac311d62bcc9ba51f8885c569b6f23a5b37ad69fdc6a,False,False,passed
AMZN,2024-05-10,2024-05-10T20:00:00+00:00,2024-05-13,2023-05-10,2023-05-11,2024-05-10,2024-05-10,253,252,bfb548b8f5b827c62816775be92703aa3d065923ffe3e76919fcd1f293342c68,False,False,passed
AMZN,2024-05-17,2024-05-17T20:00:00+00:00,2024-05-20,2023-05-17,2023-05-18,2024-05-17,2024-05-17,253,252,4f089c369e0e5256e60fd5d54652e134287407ef2c7df19fe3e5b14aa5568b6c,False,False,passed
AMZN,2024-05-24,2024-05-24T20:00:00+00:00,2024-05-28,2023-05-24,2023-05-25,2024-05-24,2024-05-24,253,252,167b8d78995367b345f107f47fa790955f3eedf74e71e53e7c51e7394cb8e229,False,False,passed
AMZN,2024-05-31,2024-05-31T20:00:00+00:00,2024-06-03,2023-05-31,2023-06-01,2024-05-31,2024-05-31,253,252,ad6212b628986e4c9c87ebb12ef797538b00a6c1d3ee696fa291d3702426910e,False,False,passed
AMZN,2024-06-07,2024-06-07T20:00:00+00:00,2024-06-10,2023-06-07,2023-06-08,2024-06-07,2024-06-07,253,252,0d820bb3ccfcd3ec342ef739ca7c1de296e28a4b7a22e9467552e8fa044a5af2,False,False,passed
AMZN,2024-06-14,2024-06-14T20:00:00+00:00,2024-06-17,2023-06-14,2023-06-15,2024-06-14,2024-06-14,253,252,c357b253c9daf8b20e0280b006b1258e3b116d8055d606d9fabf11130df3cb53,False,False,passed
AMZN,2024-06-21,2024-06-21T20:00:00+00:00,2024-06-24,2023-06-21,2023-06-22,2024-06-21,2024-06-21,253,252,fd896fcdc728eb290b984c4f7ae41b0c85b73cc457100d590f4f71e0662ed81d,False,False,passed
AMZN,2024-06-28,2024-06-28T20:00:00+00:00,2024-07-01,2023-06-28,2023-06-29,2024-06-28,2024-06-28,253,252,941016c100f5eadd559febee0e91e9d1324057f19126bf904af9a873ccb30b79,False,False,passed
JPM,2024-01-05,2024-01-05T21:00:00+00:00,2024-01-08,2023-01-04,2023-01-05,2024-01-05,2024-01-05,253,252,d65d33f8999f47653e603689f5b68caa89402e58a70eb14eea7b7bbe18b008b7,False,False,passed
JPM,2024-01-12,2024-01-12T21:00:00+00:00,2024-01-16,2023-01-11,2023-01-12,2024-01-12,2024-01-12,253,252,d9ade00ef07b1a8eec609dcd830de013a918bf30c1cb9252be84d50811813f6e,False,False,passed
JPM,2024-01-19,2024-01-19T21:00:00+00:00,2024-01-22,2023-01-18,2023-01-19,2024-01-19,2024-01-19,253,252,0e0106766ae98b609ce836a5a4fac12be513a36d196d9f5fae29ec220f35e415,False,False,passed
JPM,2024-01-26,2024-01-26T21:00:00+00:00,2024-01-29,2023-01-25,2023-01-26,2024-01-26,2024-01-26,253,252,7167ab8cc93647aa0cabd7bd7867c9afe12ac409d5d0f442932eda6768e6bdec,False,False,passed
JPM,2024-02-02,2024-02-02T21:00:00+00:00,2024-02-05,2023-02-01,2023-02-02,2024-02-02,2024-02-02,253,252,d3f16e9103cf01e5ea940ba0cf8d244f18751b3f2d7580ed56de34e3ae320b8a,False,False,passed
JPM,2024-02-09,2024-02-09T21:00:00+00:00,2024-02-12,2023-02-08,2023-02-09,2024-02-09,2024-02-09,253,252,a02def12189bacd034e71f1ccd16bc178e203f04d5686392c82df93e7b002fd0,False,False,passed
JPM,2024-02-16,2024-02-16T21:00:00+00:00,2024-02-20,2023-02-15,2023-02-16,2024-02-16,2024-02-16,253,252,80e54d2c229b2afe5b1fb48c31977db2657ccad17f1251dadd1b481c7e7e1856,False,False,passed
JPM,2024-02-23,2024-02-23T21:00:00+00:00,2024-02-26,2023-02-22,2023-02-23,2024-02-23,2024-02-23,253,252,92bd5cd5d85780ef0fdaa65feb47f39e1daf3d210e85f5e01ca9bf7d71222f6f,False,False,passed
JPM,2024-03-01,2024-03-01T21:00:00+00:00,2024-03-04,2023-03-01,2023-03-02,2024-03-01,2024-03-01,253,252,f36906c5909f60f26970083ab743b5a365e11e6a6986be3e5c50c66f7b1cc7ec,False,False,passed
JPM,2024-03-08,2024-03-08T21:00:00+00:00,2024-03-11,2023-03-08,2023-03-09,2024-03-08,2024-03-08,253,252,2a5308b9dc31f4ff2c7b04cd49a7e49af6d019cb2f626a589287bfdc677d081f,False,False,passed
JPM,2024-03-15,2024-03-15T20:00:00+00:00,2024-03-18,2023-03-15,2023-03-16,2024-03-15,2024-03-15,253,252,bd32c78baf1bda12169da724ca81ff8f0e7c781d9d526a5ace3f0046e0b59ca3,False,False,passed
JPM,2024-03-22,2024-03-22T20:00:00+00:00,2024-03-25,2023-03-22,2023-03-23,2024-03-22,2024-03-22,253,252,5a47938bd18b4c4e84c988e5b1d2af18122b4c412c02032d68fdb00f5f9c13e2,False,False,passed
JPM,2024-03-28,2024-03-28T20:00:00+00:00,2024-04-01,2023-03-28,2023-03-29,2024-03-28,2024-03-28,253,252,1c05b1c31b1fc5db0e9c6ca3292087c8c95ce851be83fe5690f843f9e252d7bd,False,False,passed
JPM,2024-04-05,2024-04-05T20:00:00+00:00,2024-04-08,2023-04-04,2023-04-05,2024-04-05,2024-04-05,253,252,dc629e20da682377c43f0f058c9f318ba45e6543e3daa4f0b2044f769716b850,False,False,passed
JPM,2024-04-12,2024-04-12T20:00:00+00:00,2024-04-15,2023-04-12,2023-04-13,2024-04-12,2024-04-12,253,252,d7298711032a0fc5599d85eb91df498959d86a4febe661bb958f8959a1a150f2,False,False,passed
JPM,2024-04-19,2024-04-19T20:00:00+00:00,2024-04-22,2023-04-19,2023-04-20,2024-04-19,2024-04-19,253,252,f140d05596eb4eff72934f711b129f44899d16d58c5222a33e30a928a741505c,False,False,passed
JPM,2024-04-26,2024-04-26T20:00:00+00:00,2024-04-29,2023-04-26,2023-04-27,2024-04-26,2024-04-26,253,252,3365e718cbb446701d1e41801717f6e8b4c1e21cd2e70f753fca4c7080986db7,False,False,passed
JPM,2024-05-03,2024-05-03T20:00:00+00:00,2024-05-06,2023-05-03,2023-05-04,2024-05-03,2024-05-03,253,252,67557068130fb14b47d98c1e86cfbaf61c09a6de974303f1f32c393358b21b34,False,False,passed
JPM,2024-05-10,2024-05-10T20:00:00+00:00,2024-05-13,2023-05-10,2023-05-11,2024-05-10,2024-05-10,253,252,87980d1d25a5301c027b7a5e03fcfcfd1194010ab580c8b82c206697f563fa4b,False,False,passed
JPM,2024-05-17,2024-05-17T20:00:00+00:00,2024-05-20,2023-05-17,2023-05-18,2024-05-17,2024-05-17,253,252,d039e01a324d483ec6b817b072578b0abb8274846e3eb5e3308334d407c451a0,False,False,passed
JPM,2024-05-24,2024-05-24T20:00:00+00:00,2024-05-28,2023-05-24,2023-05-25,2024-05-24,2024-05-24,253,252,b178f71a2f03e1ddcbba867abb143febb5dac3994e178318b1f9eab78abd9964,False,False,passed
JPM,2024-05-31,2024-05-31T20:00:00+00:00,2024-06-03,2023-05-31,2023-06-01,2024-05-31,2024-05-31,253,252,c15c6f737c9075b6462c71c7517e26f24652e50d1e5bb27860fad2accdf6a045,False,False,passed
JPM,2024-06-07,2024-06-07T20:00:00+00:00,2024-06-10,2023-06-07,2023-06-08,2024-06-07,2024-06-07,253,252,38b773339a6667833516b5d67e50466e9319a4773611cb5aef70e92db30ced41,False,False,passed
JPM,2024-06-14,2024-06-14T20:00:00+00:00,2024-06-17,2023-06-14,2023-06-15,2024-06-14,2024-06-14,253,252,a3c87ca6feeb8f525f3656ccd3c229bb58bbf88b503b8321cd69a7c7d294b03c,False,False,passed
JPM,2024-06-21,2024-06-21T20:00:00+00:00,2024-06-24,2023-06-21,2023-06-22,2024-06-21,2024-06-21,253,252,566c17a9e018647122b22cb6a44509db762654f20da6cca31dab53c1a95540d8,False,False,passed
JPM,2024-06-28,2024-06-28T20:00:00+00:00,2024-07-01,2023-06-28,2023-06-29,2024-06-28,2024-06-28,253,252,3a4d698c1b7b4ac1da7c9a270270ac5e26d889b8a9d9086005d392d688b9952c,False,False,passed
