session,symbol,series,equity,normalized_equity
2024-01-05,AAPL,strategy,100000.0,1.0
2024-01-08,AAPL,strategy,100000.0,1.0
2024-01-09,AAPL,strategy,100000.0,1.0
2024-01-10,AAPL,strategy,100000.0,1.0
2024-01-11,AAPL,strategy,100000.0,1.0
2024-01-12,AAPL,strategy,100000.0,1.0
2024-01-16,AAPL,strategy,100000.0,1.0
2024-01-17,AAPL,strategy,100000.0,1.0
2024-01-18,AAPL,strategy,100000.0,1.0
2024-01-19,AAPL,strategy,100000.0,1.0
2024-01-22,AAPL,strategy,100000.0,1.0
2024-01-23,AAPL,strategy,100000.0,1.0
2024-01-24,AAPL,strategy,100000.0,1.0
2024-01-25,AAPL,strategy,100000.0,1.0
2024-01-26,AAPL,strategy,100000.0,1.0
2024-01-29,AAPL,strategy,100000.0,1.0
2024-01-30,AAPL,strategy,100000.0,1.0
2024-01-31,AAPL,strategy,100000.0,1.0
2024-02-01,AAPL,strategy,100000.0,1.0
2024-02-02,AAPL,strategy,100000.0,1.0
2024-02-05,AAPL,strategy,100000.0,1.0
2024-02-06,AAPL,strategy,100000.0,1.0
2024-02-07,AAPL,strategy,100000.0,1.0
2024-02-08,AAPL,strategy,100000.0,1.0
2024-02-09,AAPL,strategy,100000.0,1.0
2024-02-12,AAPL,strategy,100000.0,1.0
2024-02-13,AAPL,strategy,100000.0,1.0
2024-02-14,AAPL,strategy,100000.0,1.0
2024-02-15,AAPL,strategy,100000.0,1.0
2024-02-16,AAPL,strategy,100000.0,1.0
2024-02-20,AAPL,strategy,100000.0,1.0
2024-02-21,AAPL,strategy,100000.0,1.0
2024-02-22,AAPL,strategy,100000.0,1.0
2024-02-23,AAPL,strategy,100000.0,1.0
2024-02-26,AAPL,strategy,100000.0,1.0
2024-02-27,AAPL,strategy,100000.0,1.0
2024-02-28,AAPL,strategy,100000.0,1.0
2024-02-29,AAPL,strategy,100000.0,1.0
2024-03-01,AAPL,strategy,100000.0,1.0
2024-03-04,AAPL,strategy,100000.0,1.0
2024-03-05,AAPL,strategy,100000.0,1.0
2024-03-06,AAPL,strategy,100000.0,1.0
2024-03-07,AAPL,strategy,100000.0,1.0
2024-03-08,AAPL,strategy,100000.0,1.0
2024-03-11,AAPL,strategy,100000.0,1.0
2024-03-12,AAPL,strategy,100000.0,1.0
2024-03-13,AAPL,strategy,100000.0,1.0
2024-03-14,AAPL,strategy,100000.0,1.0
2024-03-15,AAPL,strategy,100000.0,1.0
2024-03-18,AAPL,strategy,100000.0,1.0
2024-03-19,AAPL,strategy,100000.0,1.0
2024-03-20,AAPL,strategy,100000.0,1.0
2024-03-21,AAPL,strategy,100000.0,1.0
2024-03-22,AAPL,strategy,100000.0,1.0
2024-03-25,AAPL,strategy,100000.0,1.0
2024-03-26,AAPL,strategy,100000.0,1.0
2024-03-27,AAPL,strategy,100000.0,1.0
2024-03-28,AAPL,strategy,100000.0,1.0
2024-04-01,AAPL,strategy,100000.0,1.0
2024-04-02,AAPL,strategy,100000.0,1.0
2024-04-03,AAPL,strategy,100000.0,1.0
2024-04-04,AAPL,strategy,100000.0,1.0
2024-04-05,AAPL,strategy,100000.0,1.0
2024-04-08,AAPL,strategy,100000.0,1.0
2024-04-09,AAPL,strategy,100000.0,1.0
2024-04-10,AAPL,strategy,100000.0,1.0
2024-04-11,AAPL,strategy,100000.0,1.0
2024-04-12,AAPL,strategy,100000.0,1.0
2024-04-15,AAPL,strategy,98379.01530482246,0.9837901530482246
2024-04-16,AAPL,strategy,96493.35724595486,0.9649335724595486
2024-04-17,AAPL,strategy,95707.18826517413,0.9570718826517414
2024-04-18,AAPL,strategy,95160.28622962217,0.9516028622962217
2024-04-19,AAPL,strategy,93998.13133186745,0.9399813133186745
2024-04-22,AAPL,strategy,94476.66516535643,0.9447666516535643
2024-04-23,AAPL,strategy,95080.53058121259,0.9508053058121259
2024-04-24,AAPL,strategy,96288.27007214668,0.9628827007214669
2024-04-25,AAPL,strategy,96783.89379134595,0.9678389379134595
2024-04-26,AAPL,strategy,96447.78136896587,0.9644778136896587
2024-04-29,AAPL,strategy,98840.45930956972,0.9884045930956972
2024-04-30,AAPL,strategy,97034.55684214315,0.9703455684214315
2024-05-01,AAPL,strategy,96447.78136896587,0.9644778136896587
2024-05-02,AAPL,strategy,98572.70637306222,0.9857270637306221
2024-05-03,AAPL,strategy,104468.9562680527,1.044689562680527
2024-05-06,AAPL,strategy,103517.58226727949,1.035175822672795
2024-05-07,AAPL,strategy,103910.65806996377,1.0391065806996378
2024-05-08,AAPL,strategy,104104.35779742534,1.0410435779742535
2024-05-09,AAPL,strategy,105146.88355217657,1.0514688355217656
2024-05-10,AAPL,strategy,104423.3803910637,1.0442338039106371
2024-05-13,AAPL,strategy,106263.4625729423,1.062634625729423
2024-05-14,AAPL,strategy,106918.59758896077,1.0691859758896076
2024-05-15,AAPL,strategy,108223.18255704618,1.0822318255704617
2024-05-16,AAPL,strategy,108291.54204291878,1.0829154204291878
2024-05-17,AAPL,strategy,108308.63192862908,1.0830863192862907
2024-05-20,AAPL,strategy,108975.16310718452,1.0897516310718451
2024-05-21,AAPL,strategy,109721.45859337135,1.0972145859337135
2024-05-22,AAPL,strategy,108895.40745877493,1.0889540745877493
2024-05-23,AAPL,strategy,106605.27743468607,1.0660527743468606
2024-05-24,AAPL,strategy,108371.29769132836,1.0837129769132836
2024-05-28,AAPL,strategy,108377.00013069205,1.0837700013069205
2024-05-29,AAPL,strategy,108547.89887385785,1.0854789887385785
2024-05-30,AAPL,strategy,109117.58451829341,1.091175845182934
2024-05-31,AAPL,strategy,109664.48655384537,1.0966448655384538
2024-06-03,AAPL,strategy,110678.52631731788,1.106785263173179
2024-06-04,AAPL,strategy,110860.82988224248,1.1086082988224248
2024-06-05,AAPL,strategy,111726.74579524244,1.1172674579524244
2024-06-06,AAPL,strategy,110934.88309128839,1.1093488309128838
2024-06-07,AAPL,strategy,112307.82760221498,1.1230782760221498
2024-06-10,AAPL,strategy,110160.11027304466,1.1016011027304466
2024-06-11,AAPL,strategy,118152.79918085279,1.181527991808528
2024-06-12,AAPL,strategy,121525.34582969893,1.2152534582969892
2024-06-13,AAPL,strategy,122191.87700825438,1.2219187700825438
2024-06-14,AAPL,strategy,121194.92713049216,1.2119492713049216
2024-06-17,AAPL,strategy,123576.20896552759,1.235762089655276
2024-06-18,AAPL,strategy,122220.3543403113,1.222203543403113
2024-06-20,AAPL,strategy,119594.103177652,1.19594103177652
2024-06-21,AAPL,strategy,118346.49890831434,1.1834649890831435
2024-06-24,AAPL,strategy,118716.79110211504,1.1871679110211504
2024-06-25,AAPL,strategy,119246.6032519567,1.1924660325195668
2024-06-26,AAPL,strategy,121627.88508699213,1.2162788508699214
2024-06-27,AAPL,strategy,122112.1213598448,1.221121213598448
2024-06-28,AAPL,strategy,120129.60905066696,1.2012960905066696
2024-07-01,AAPL,strategy,123621.7848425166,1.236217848425166
2024-07-02,AAPL,strategy,125627.08076057804,1.2562708076057805
2024-07-03,AAPL,strategy,126356.27770183279,1.263562777018328
2024-07-05,AAPL,strategy,129085.06806481673,1.2908506806481674
2024-01-05,AAPL,same_stock_buy_and_hold,100000.0,1.0
2024-01-08,AAPL,same_stock_buy_and_hold,101803.82253084608,1.0180382253084608
2024-01-09,AAPL,same_stock_buy_and_hold,101573.39882547266,1.0157339882547265
2024-01-10,AAPL,same_stock_buy_and_hold,102149.46220363287,1.0214946220363286
2024-01-11,AAPL,same_stock_buy_and_hold,101820.28072426307,1.0182028072426306
2024-01-12,AAPL,same_stock_buy_and_hold,102001.32973965949,1.020013297396595
2024-01-16,AAPL,same_stock_buy_and_hold,100744.97020891315,1.0074497020891315
2024-01-17,AAPL,same_stock_buy_and_hold,100223.76480547583,1.0022376480547583
2024-01-18,AAPL,same_stock_buy_and_hold,103488.1213149586,1.034881213149586
2024-01-19,AAPL,same_stock_buy_and_hold,105095.60385810061,1.0509560385810062
2024-01-22,AAPL,same_stock_buy_and_hold,106373.91326105219,1.0637391326105219
2024-01-23,AAPL,same_stock_buy_and_hold,107081.64257058945,1.0708164257058945
2024-01-24,AAPL,same_stock_buy_and_hold,106708.57802516787,1.0670857802516787
2024-01-25,AAPL,same_stock_buy_and_hold,106527.52906463448,1.0652752906463447
2024-01-26,AAPL,same_stock_buy_and_hold,105567.42617751857,1.0556742617751858
2024-01-29,AAPL,same_stock_buy_and_hold,105188.86995330873,1.0518886995330874
2024-01-30,AAPL,same_stock_buy_and_hold,103164.42312033467,1.0316442312033467
2024-01-31,AAPL,same_stock_buy_and_hold,101167.40944431172,1.0116740944431173
2024-02-01,AAPL,same_stock_buy_and_hold,102517.04346430856,1.0251704346430857
2024-02-02,AAPL,same_stock_buy_and_hold,101962.9299583536,1.019629299583536
2024-02-05,AAPL,same_stock_buy_and_hold,102966.91591152128,1.0296691591152127
2024-02-06,AAPL,same_stock_buy_and_hold,103855.70257563429,1.038557025756343
2024-02-07,AAPL,same_stock_buy_and_hold,103916.05222914543,1.0391605222914542
2024-02-08,AAPL,same_stock_buy_and_hold,103318.0472630963,1.033180472630963
2024-02-09,AAPL,same_stock_buy_and_hold,103740.49187507105,1.0374049187507104
2024-02-12,AAPL,same_stock_buy_and_hold,102807.8138057269,1.028078138057269
2024-02-13,AAPL,same_stock_buy_and_hold,101650.20370979758,1.0165020370979758
2024-02-14,AAPL,same_stock_buy_and_hold,101161.92314209964,1.0116192314209964
2024-02-15,AAPL,same_stock_buy_and_hold,101002.82405377149,1.0100282405377148
2024-02-16,AAPL,same_stock_buy_and_hold,100152.44556500672,1.0015244556500673
2024-02-20,AAPL,same_stock_buy_and_hold,99740.97289909991,0.9974097289909991
2024-02-21,AAPL,same_stock_buy_and_hold,100157.93718893196,1.0015793718893196
2024-02-22,AAPL,same_stock_buy_and_hold,101282.6224491219,1.012826224491219
2024-02-23,AAPL,same_stock_buy_and_hold,100267.66158728313,1.0026766158728313
2024-02-26,AAPL,same_stock_buy_and_hold,99521.52415726063,0.9952152415726063
2024-02-27,AAPL,same_stock_buy_and_hold,100328.01124079425,1.0032801124079425
2024-02-28,AAPL,same_stock_buy_and_hold,99664.16499730878,0.9966416499730878
2024-02-29,AAPL,same_stock_buy_and_hold,99296.58373663308,0.9929658373663308
2024-03-01,AAPL,same_stock_buy_and_hold,98698.578825447,0.9869857882544699
2024-03-04,AAPL,same_stock_buy_and_hold,96196.82633344608,0.9619682633344608
2024-03-05,AAPL,same_stock_buy_and_hold,93464.64179689238,0.9346464179689238
2024-03-06,AAPL,same_stock_buy_and_hold,92916.0115756833,0.929160115756833
2024-03-07,AAPL,same_stock_buy_and_hold,92850.17863742627,0.9285017863742627
2024-03-08,AAPL,same_stock_buy_and_hold,93799.30656100805,0.9379930656100806
2024-03-11,AAPL,same_stock_buy_and_hold,94907.54196696036,0.9490754196696036
2024-03-12,AAPL,same_stock_buy_and_hold,95170.88211403077,0.9517088211403077
2024-03-13,AAPL,same_stock_buy_and_hold,94018.76369688971,0.9401876369688972
2024-03-14,AAPL,same_stock_buy_and_hold,95044.69952226264,0.9504469952226264
2024-03-15,AAPL,same_stock_buy_and_hold,94836.21734991511,0.9483621734991511
2024-03-18,AAPL,same_stock_buy_and_hold,95439.71393988945,0.9543971393988945
2024-03-19,AAPL,same_stock_buy_and_hold,96734.48159112103,0.9673448159112104
2024-03-20,AAPL,same_stock_buy_and_hold,98155.43188898377,0.9815543188898378
2024-03-21,AAPL,same_stock_buy_and_hold,94150.42957340374,0.9415042957340375
2024-03-22,AAPL,same_stock_buy_and_hold,94649.68510463582,0.9464968510463582
2024-03-25,AAPL,same_stock_buy_and_hold,93865.14789330744,0.9386514789330744
2024-03-26,AAPL,same_stock_buy_and_hold,93239.70977030722,0.9323970977030722
2024-03-27,AAPL,same_stock_buy_and_hold,95214.77357412492,0.9521477357412492
2024-03-28,AAPL,same_stock_buy_and_hold,94210.77922691486,0.9421077922691486
2024-04-01,AAPL,same_stock_buy_and_hold,93415.26710691537,0.9341526710691538
2024-04-02,AAPL,same_stock_buy_and_hold,92762.39577210101,0.92762395772101
2024-04-03,AAPL,same_stock_buy_and_hold,93206.78493456784,0.9320678493456784
2024-04-04,AAPL,same_stock_buy_and_hold,92751.42920260924,0.9275142920260925
2024-04-05,AAPL,same_stock_buy_and_hold,93168.38515326194,0.9316838515326195
2024-04-08,AAPL,same_stock_buy_and_hold,92548.4303150076,0.925484303150076
2024-04-09,AAPL,same_stock_buy_and_hold,93217.75989810198,0.9321775989810198
2024-04-10,AAPL,same_stock_buy_and_hold,92180.84910919493,0.9218084910919493
2024-04-11,AAPL,same_stock_buy_and_hold,96163.9014977067,0.9616390149770669
2024-04-12,AAPL,same_stock_buy_and_hold,96992.33850830859,0.9699233850830858
2024-04-15,AAPL,same_stock_buy_and_hold,94874.62547040035,0.9487462547040035
2024-04-16,AAPL,same_stock_buy_and_hold,93058.6608097738,0.9305866080977381
2024-04-17,AAPL,same_stock_buy_and_hold,92301.54841621719,0.9230154841621719
2024-04-18,AAPL,same_stock_buy_and_hold,91774.85972803397,0.9177485972803398
2024-04-19,AAPL,same_stock_buy_and_hold,90655.65775258992,0.9065565775258992
2024-04-22,AAPL,same_stock_buy_and_hold,91116.50510847374,0.9111650510847373
2024-04-23,AAPL,same_stock_buy_and_hold,91698.05182624284,0.9169805182624283
2024-04-24,AAPL,same_stock_buy_and_hold,92861.15360096042,0.9286115360096042
2024-04-25,AAPL,same_stock_buy_and_hold,93338.45920512424,0.9333845920512424
2024-04-26,AAPL,same_stock_buy_and_hold,93014.76940454269,0.9301476940454269
2024-04-29,AAPL,same_stock_buy_and_hold,95319.01463286718,0.9531901463286718
2024-04-30,AAPL,same_stock_buy_and_hold,93579.85781916876,0.9357985781916875
2024-05-01,AAPL,same_stock_buy_and_hold,93014.76940454269,0.9301476940454269
2024-05-02,AAPL,same_stock_buy_and_hold,95061.15777054263,0.9506115777054264
2024-05-03,AAPL,same_stock_buy_and_hold,100739.48390670106,1.0073948390670107
2024-05-06,AAPL,same_stock_buy_and_hold,99823.27242481628,0.9982327242481629
2024-05-07,AAPL,same_stock_buy_and_hold,100201.82025498373,1.0020182025498372
2024-05-08,AAPL,same_stock_buy_and_hold,100388.36089430538,1.0038836089430538
2024-05-09,AAPL,same_stock_buy_and_hold,101392.3551866524,1.0139235518665242
2024-05-10,AAPL,same_stock_buy_and_hold,100695.59250146995,1.0069559250146995
2024-05-13,AAPL,same_stock_buy_and_hold,102467.66575686535,1.0246766575686534
2024-05-14,AAPL,same_stock_buy_and_hold,103098.58716461145,1.0309858716461144
2024-05-15,AAPL,same_stock_buy_and_hold,104354.95503453715,1.0435495503453716
2024-05-16,AAPL,same_stock_buy_and_hold,104420.78797279415,1.0442078797279415
2024-05-17,AAPL,same_stock_buy_and_hold,104437.24622107417,1.0443724622107418
2024-05-20,AAPL,same_stock_buy_and_hold,105079.14259235439,1.0507914259235438
2024-05-21,AAPL,same_stock_buy_and_hold,105797.85520460513,1.0579785520460514
2024-05-22,AAPL,same_stock_buy_and_hold,105002.33469056325,1.0500233469056326
2024-05-23,AAPL,same_stock_buy_and_hold,102796.84723623515,1.0279684723623514
2024-05-24,AAPL,same_stock_buy_and_hold,104497.59587458528,1.044975958745853
2024-05-28,AAPL,same_stock_buy_and_hold,104503.08755337355,1.0450308755337354
2024-05-29,AAPL,same_stock_buy_and_hold,104667.66992644758,1.0466766992644758
2024-05-30,AAPL,same_stock_buy_and_hold,105216.30014765667,1.0521630014765666
2024-05-31,AAPL,same_stock_buy_and_hold,105742.98883583987,1.0574298883583988
2024-06-03,AAPL,same_stock_buy_and_hold,106719.54997123579,1.0671954997123578
2024-06-04,AAPL,same_stock_buy_and_hold,106895.11564702331,1.0689511564702332
2024-06-05,AAPL,same_stock_buy_and_hold,107729.0275483287,1.077290275483287
2024-06-06,AAPL,same_stock_buy_and_hold,106966.4318700262,1.069664318700262
2024-06-07,AAPL,same_stock_buy_and_hold,108288.63273307192,1.0828863273307192
2024-06-10,AAPL,same_stock_buy_and_hold,106220.29444000371,1.0622029444000372
2024-06-11,AAPL,same_stock_buy_and_hold,113917.57578521095,1.1391757578521096
2024-06-12,AAPL,same_stock_buy_and_hold,117165.47404641373,1.1716547404641373
2024-06-13,AAPL,same_stock_buy_and_hold,117807.37041769396,1.1780737041769396
2024-06-14,AAPL,same_stock_buy_and_hold,116847.26753057806,1.1684726753057806
2024-06-17,AAPL,same_stock_buy_and_hold,119140.53785023144,1.1914053785023144
2024-06-18,AAPL,same_stock_buy_and_hold,117834.79523546572,1.1783479523546572
2024-06-20,AAPL,same_stock_buy_and_hold,115305.6095865137,1.153056095865137
2024-06-21,AAPL,same_stock_buy_and_hold,114104.1164245326,1.141041164245326
2024-06-24,AAPL,same_stock_buy_and_hold,114460.72272167417,1.1446072272167418
2024-06-25,AAPL,same_stock_buy_and_hold,114970.95316157736,1.1497095316157735
2024-06-26,AAPL,same_stock_buy_and_hold,117264.22348123076,1.1726422348123076
2024-06-27,AAPL,same_stock_buy_and_hold,117730.56251590283,1.1773056251590284
2024-06-28,AAPL,same_stock_buy_and_hold,115821.32331116276,1.1582132331116277
2024-07-01,AAPL,same_stock_buy_and_hold,119184.42925546257,1.1918442925546258
2024-07-02,AAPL,same_stock_buy_and_hold,121115.60999322851,1.2111560999322852
2024-07-03,AAPL,same_stock_buy_and_hold,121817.85601801988,1.2181785601801989
2024-07-05,AAPL,same_stock_buy_and_hold,124445.79104692591,1.244457910469259
2024-01-05,AMZN,strategy,100000.0,1.0
2024-01-08,AMZN,strategy,100000.0,1.0
2024-01-09,AMZN,strategy,100000.0,1.0
2024-01-10,AMZN,strategy,100000.0,1.0
2024-01-11,AMZN,strategy,100000.0,1.0
2024-01-12,AMZN,strategy,100000.0,1.0
2024-01-16,AMZN,strategy,100000.0,1.0
2024-01-17,AMZN,strategy,100000.0,1.0
2024-01-18,AMZN,strategy,100000.0,1.0
2024-01-19,AMZN,strategy,100000.0,1.0
2024-01-22,AMZN,strategy,100000.0,1.0
2024-01-23,AMZN,strategy,100000.0,1.0
2024-01-24,AMZN,strategy,100000.0,1.0
2024-01-25,AMZN,strategy,100000.0,1.0
2024-01-26,AMZN,strategy,100000.0,1.0
2024-01-29,AMZN,strategy,100000.0,1.0
2024-01-30,AMZN,strategy,100000.0,1.0
2024-01-31,AMZN,strategy,100000.0,1.0
2024-02-01,AMZN,strategy,100000.0,1.0
2024-02-02,AMZN,strategy,100000.0,1.0
2024-02-05,AMZN,strategy,100000.0,1.0
2024-02-06,AMZN,strategy,100000.0,1.0
2024-02-07,AMZN,strategy,100000.0,1.0
2024-02-08,AMZN,strategy,100000.0,1.0
2024-02-09,AMZN,strategy,100000.0,1.0
2024-02-12,AMZN,strategy,100000.0,1.0
2024-02-13,AMZN,strategy,100000.0,1.0
2024-02-14,AMZN,strategy,100000.0,1.0
2024-02-15,AMZN,strategy,100000.0,1.0
2024-02-16,AMZN,strategy,100000.0,1.0
2024-02-20,AMZN,strategy,100000.0,1.0
2024-02-21,AMZN,strategy,100000.0,1.0
2024-02-22,AMZN,strategy,100000.0,1.0
2024-02-23,AMZN,strategy,100000.0,1.0
2024-02-26,AMZN,strategy,100000.0,1.0
2024-02-27,AMZN,strategy,100000.0,1.0
2024-02-28,AMZN,strategy,100000.0,1.0
2024-02-29,AMZN,strategy,100000.0,1.0
2024-03-01,AMZN,strategy,100000.0,1.0
2024-03-04,AMZN,strategy,100000.0,1.0
2024-03-05,AMZN,strategy,100000.0,1.0
2024-03-06,AMZN,strategy,100000.0,1.0
2024-03-07,AMZN,strategy,100000.0,1.0
2024-03-08,AMZN,strategy,100000.0,1.0
2024-03-11,AMZN,strategy,100000.0,1.0
2024-03-12,AMZN,strategy,100000.0,1.0
2024-03-13,AMZN,strategy,100000.0,1.0
2024-03-14,AMZN,strategy,100000.0,1.0
2024-03-15,AMZN,strategy,100000.0,1.0
2024-03-18,AMZN,strategy,100000.0,1.0
2024-03-19,AMZN,strategy,100000.0,1.0
2024-03-20,AMZN,strategy,100000.0,1.0
2024-03-21,AMZN,strategy,100000.0,1.0
2024-03-22,AMZN,strategy,100000.0,1.0
2024-03-25,AMZN,strategy,100000.0,1.0
2024-03-26,AMZN,strategy,100000.0,1.0
2024-03-27,AMZN,strategy,100000.0,1.0
2024-03-28,AMZN,strategy,100000.0,1.0
2024-04-01,AMZN,strategy,100000.0,1.0
2024-04-02,AMZN,strategy,100000.0,1.0
2024-04-03,AMZN,strategy,100000.0,1.0
2024-04-04,AMZN,strategy,100000.0,1.0
2024-04-05,AMZN,strategy,100000.0,1.0
2024-04-08,AMZN,strategy,100000.0,1.0
2024-04-09,AMZN,strategy,100000.0,1.0
2024-04-10,AMZN,strategy,100000.0,1.0
2024-04-11,AMZN,strategy,100000.0,1.0
2024-04-12,AMZN,strategy,100000.0,1.0
2024-04-15,AMZN,strategy,97869.34848882575,0.9786934848882575
2024-04-16,AMZN,strategy,97709.45516933943,0.9770945516933943
2024-04-17,AMZN,strategy,96622.13184870688,0.9662213184870688
2024-04-18,AMZN,strategy,95524.15434962926,0.9552415434962925
2024-04-19,AMZN,strategy,93077.68904391745,0.9307768904391744
2024-04-22,AMZN,strategy,94463.48259834142,0.9446348259834142
2024-04-23,AMZN,strategy,95694.7099491516,0.956947099491516
2024-04-24,AMZN,strategy,94122.36329770574,0.9412236329770575
2024-04-25,AMZN,strategy,92566.00604216845,0.9256600604216845
2024-04-26,AMZN,strategy,95737.35086110496,0.9573735086110496
2024-04-29,AMZN,strategy,96451.57624918454,0.9645157624918453
2024-04-30,AMZN,strategy,93274.89621278453,0.9327489621278453
2024-05-01,AMZN,strategy,95406.89384050532,0.9540689384050532
2024-05-02,AMZN,strategy,98455.65108774534,0.9845565108774534
2024-05-03,AMZN,strategy,99249.82313556808,0.9924982313556807
2024-05-06,AMZN,strategy,100576.98643543008,1.0057698643543007
2024-05-07,AMZN,strategy,100608.9651206473,1.006089651206473
2024-05-08,AMZN,strategy,100203.8885028771,1.0020388850287711
2024-05-09,AMZN,strategy,101003.3876132724,1.0100338761327239
2024-05-10,AMZN,strategy,99926.72651937594,0.9992672651937594
2024-05-13,AMZN,strategy,99441.70324186257,0.9944170324186258
2024-05-14,AMZN,strategy,99708.20294532768,0.9970820294532767
2024-05-15,AMZN,strategy,99132.56262644414,0.9913256262644414
2024-05-16,AMZN,strategy,97874.68370628922,0.9787468370628921
2024-05-17,AMZN,strategy,98444.98880770929,0.9844498880770929
2024-05-20,AMZN,strategy,97826.70757687239,0.9782670757687238
2024-05-21,AMZN,strategy,97618.83812796925,0.9761883812796925
2024-05-22,AMZN,strategy,97608.18400282413,0.9760818400282413
2024-05-23,AMZN,strategy,96499.54427701038,0.9649954427701039
2024-05-24,AMZN,strategy,96339.64280263317,0.9633964280263317
2024-05-28,AMZN,strategy,97085.83872103906,0.9708583872103906
2024-05-29,AMZN,strategy,97016.55434133197,0.9701655434133197
2024-05-30,AMZN,strategy,95577.45754161864,0.9557745754161864
2024-05-31,AMZN,strategy,94042.4166379626,0.940424166379626
2024-06-03,AMZN,strategy,95055.11225983358,0.9505511225983357
2024-06-04,AMZN,strategy,95588.11166676378,0.9558811166676379
2024-06-05,AMZN,strategy,96622.13184870688,0.9662213184870688
2024-06-06,AMZN,strategy,98604.8902820865,0.986048902820865
2024-06-07,AMZN,strategy,98231.79234953353,0.9823179234953353
2024-06-10,AMZN,strategy,99702.86778116414,0.9970286778116414
2024-06-11,AMZN,strategy,99793.4766676434,0.9979347666764339
2024-06-12,AMZN,strategy,99612.25884138493,0.9961225884138493
2024-06-13,AMZN,strategy,97981.2819353771,0.9798128193537711
2024-06-14,AMZN,strategy,97890.67304889785,0.9789067304889785
2024-06-17,AMZN,strategy,98103.86956037354,0.9810386956037354
2024-06-18,AMZN,strategy,97437.62030171079,0.9743762030171079
2024-06-20,AMZN,strategy,99191.1928810061,0.9919119288100611
2024-06-21,AMZN,strategy,100779.52882176064,1.0077952882176064
2024-06-24,AMZN,strategy,98908.70383493238,0.9890870383493239
2024-06-25,AMZN,strategy,99319.10751527516,0.9931910751527516
2024-06-26,AMZN,strategy,103194.01549555516,1.0319401549555516
2024-06-27,AMZN,strategy,105453.93591243592,1.0545393591243593
2024-06-28,AMZN,strategy,103002.13538926063,1.0300213538926062
2024-07-01,AMZN,strategy,105107.48139433675,1.0510748139433674
2024-07-02,AMZN,strategy,106599.88138603946,1.0659988138603946
2024-07-03,AMZN,strategy,105315.35084323988,1.0531535084323989
2024-07-05,AMZN,strategy,106599.88138603946,1.0659988138603946
2024-01-05,AMZN,same_stock_buy_and_hold,100000.0,1.0
2024-01-08,AMZN,same_stock_buy_and_hold,101506.75498264252,1.0150675498264252
2024-01-09,AMZN,same_stock_buy_and_hold,103052.15543743361,1.030521554374336
2024-01-10,AMZN,same_stock_buy_and_hold,104658.83547004487,1.0465883547004486
2024-01-11,AMZN,same_stock_buy_and_hold,105645.98828146631,1.0564598828146632
2024-01-12,AMZN,same_stock_buy_and_hold,105264.74390287156,1.0526474390287155
2024-01-16,AMZN,same_stock_buy_and_hold,104270.78693940122,1.0427078693940122
2024-01-17,AMZN,same_stock_buy_and_hold,103283.63412797979,1.0328363412797978
2024-01-18,AMZN,same_stock_buy_and_hold,104502.2552137617,1.045022552137617
2024-01-19,AMZN,same_stock_buy_and_hold,105754.91816447816,1.0575491816447817
2024-01-22,AMZN,same_stock_buy_and_hold,105373.67385396306,1.0537367385396306
2024-01-23,AMZN,same_stock_buy_and_hold,106217.86519746449,1.0621786519746448
2024-01-24,AMZN,same_stock_buy_and_hold,106796.53591740553,1.0679653591740554
2024-01-25,AMZN,same_stock_buy_and_hold,107395.64013010364,1.0739564013010363
2024-01-26,AMZN,same_stock_buy_and_hold,108328.3279319395,1.083283279319395
2024-01-29,AMZN,same_stock_buy_and_hold,109785.23192839616,1.0978523192839615
2024-01-30,AMZN,same_stock_buy_and_hold,108246.63569373362,1.0824663569373363
2024-01-31,AMZN,same_stock_buy_and_hold,105659.60706982948,1.0565960706982949
2024-02-01,AMZN,same_stock_buy_and_hold,108437.25788303098,1.0843725788303098
2024-02-02,AMZN,same_stock_buy_and_hold,116967.6365959022,1.169676365959022
2024-02-05,AMZN,same_stock_buy_and_hold,115946.44191954621,1.1594644191954622
2024-02-06,AMZN,same_stock_buy_and_hold,115156.71551755072,1.1515671551755071
2024-02-07,AMZN,same_stock_buy_and_hold,116096.21795570082,1.1609621795570082
2024-02-08,AMZN,same_stock_buy_and_hold,115626.46670258595,1.1562646670258596
2024-02-09,AMZN,same_stock_buy_and_hold,118764.9387497312,1.187649387497312
2024-02-12,AMZN,same_stock_buy_and_hold,117328.45782984591,1.1732845782984591
2024-02-13,AMZN,same_stock_buy_and_hold,114809.51307197016,1.1480951307197016
2024-02-14,AMZN,same_stock_buy_and_hold,116402.57424813861,1.164025742481386
2024-02-15,AMZN,same_stock_buy_and_hold,115599.23947396566,1.1559923947396566
2024-02-16,AMZN,same_stock_buy_and_hold,115401.80264835403,1.1540180264835402
2024-02-20,AMZN,same_stock_buy_and_hold,113747.47224247143,1.1374747224247144
2024-02-21,AMZN,same_stock_buy_and_hold,114775.47113895597,1.1477547113895596
2024-02-22,AMZN,same_stock_buy_and_hold,118853.44562425131,1.188534456242513
2024-02-23,AMZN,same_stock_buy_and_hold,119132.57468806882,1.1913257468806882
2024-02-26,AMZN,same_stock_buy_and_hold,118955.56093902855,1.1895556093902855
2024-02-27,AMZN,same_stock_buy_and_hold,118145.41152854134,1.1814541152854134
2024-02-28,AMZN,same_stock_buy_and_hold,117886.71595748092,1.1788671595748093
2024-02-29,AMZN,same_stock_buy_and_hold,120337.57691740792,1.2033757691740792
2024-03-01,AMZN,same_stock_buy_and_hold,121331.54429706396,1.2133154429706396
2024-03-04,AMZN,same_stock_buy_and_hold,120895.83497696326,1.2089583497696326
2024-03-05,AMZN,same_stock_buy_and_hold,118540.27469549928,1.1854027469549928
2024-03-06,AMZN,same_stock_buy_and_hold,118124.98845196997,1.1812498845196997
2024-03-07,AMZN,same_stock_buy_and_hold,120378.43341865671,1.203784334186567
2024-03-08,AMZN,same_stock_buy_and_hold,119377.66181887213,1.1937766181887213
2024-03-11,AMZN,same_stock_buy_and_hold,117069.76225878549,1.170697622587855
2024-03-12,AMZN,same_stock_buy_and_hold,119404.88911557206,1.1940488911557205
2024-03-13,AMZN,same_stock_buy_and_hold,120201.41973769612,1.2020141973769611
2024-03-14,AMZN,same_stock_buy_and_hold,121692.36559908732,1.2169236559908732
2024-03-15,AMZN,same_stock_buy_and_hold,118744.51574123946,1.1874451574123945
2024-03-18,AMZN,same_stock_buy_and_hold,118785.36182630256,1.1878536182630255
2024-03-19,AMZN,same_stock_buy_and_hold,119752.09156115261,1.197520915611526
2024-03-20,AMZN,same_stock_buy_and_hold,121283.88357568659,1.2128388357568658
2024-03-21,AMZN,same_stock_buy_and_hold,121283.88357568659,1.2128388357568658
2024-03-22,AMZN,same_stock_buy_and_hold,121774.0578372932,1.217740578372932
2024-03-25,AMZN,same_stock_buy_and_hold,122345.93475329138,1.2234593475329139
2024-03-26,AMZN,same_stock_buy_and_hold,121386.00930664953,1.2138600930664953
2024-03-27,AMZN,same_stock_buy_and_hold,122427.62699149724,1.2242762699149723
2024-03-28,AMZN,same_stock_buy_and_hold,122802.06714996342,1.2280206714996342
2024-04-01,AMZN,same_stock_buy_and_hold,123203.73453704992,1.2320373453704991
2024-04-02,AMZN,same_stock_buy_and_hold,123013.11234775254,1.2301311234775254
2024-04-03,AMZN,same_stock_buy_and_hold,124184.08312834278,1.241840831283428
2024-04-04,AMZN,same_stock_buy_and_hold,122543.36116271731,1.2254336116271731
2024-04-05,AMZN,same_stock_buy_and_hold,125995.00413861459,1.259950041386146
2024-04-08,AMZN,same_stock_buy_and_hold,126076.69637682047,1.2607669637682046
2024-04-09,AMZN,same_stock_buy_and_hold,126403.4758139093,1.264034758139093
2024-04-10,AMZN,same_stock_buy_and_hold,126594.09793512702,1.2659409793512701
2024-04-11,AMZN,same_stock_buy_and_hold,128704.57115386736,1.2870457115386735
2024-04-12,AMZN,same_stock_buy_and_hold,126716.64674266134,1.2671664674266134
2024-04-15,AMZN,same_stock_buy_and_hold,125007.84097908712,1.2500784097908713
2024-04-16,AMZN,same_stock_buy_and_hold,124803.61034953262,1.2480361034953262
2024-04-17,AMZN,same_stock_buy_and_hold,123414.77980291865,1.2341477980291866
2024-04-18,AMZN,same_stock_buy_and_hold,122012.34074796794,1.2201234074796794
2024-04-19,AMZN,same_stock_buy_and_hold,118887.48755726551,1.1888748755726553
2024-04-22,AMZN,same_stock_buy_and_hold,120657.55206628852,1.2065755206628852
2024-04-23,AMZN,same_stock_buy_and_hold,122230.19023396524,1.2223019023396524
2024-04-24,AMZN,same_stock_buy_and_hold,120221.84274618785,1.2022184274618783
2024-04-25,AMZN,same_stock_buy_and_hold,118233.91840306147,1.1823391840306148
2024-04-26,AMZN,same_stock_buy_and_hold,122284.65517547118,1.2228465517547118
2024-04-29,AMZN,same_stock_buy_and_hold,123196.93031692135,1.2319693031692136
2024-04-30,AMZN,same_stock_buy_and_hold,119139.37890819738,1.191393789081974
2024-05-01,AMZN,same_stock_buy_and_hold,121862.56471181332,1.2186256471181331
2024-05-02,AMZN,same_stock_buy_and_hold,125756.72122793987,1.2575672122793986
2024-05-03,AMZN,same_stock_buy_and_hold,126771.11168416728,1.2677111168416728
2024-05-06,AMZN,same_stock_buy_and_hold,128466.28817511298,1.2846628817511299
2024-05-07,AMZN,same_stock_buy_and_hold,128507.13432825574,1.2850713432825573
2024-05-08,AMZN,same_stock_buy_and_hold,127989.73276994919,1.2798973276994918
2024-05-09,AMZN,same_stock_buy_and_hold,129010.92744630517,1.2901092744630518
2024-05-10,AMZN,same_stock_buy_and_hold,127635.71568805436,1.2763571568805436
2024-05-13,AMZN,same_stock_buy_and_hold,127016.19881497057,1.2701619881497057
2024-05-14,AMZN,same_stock_buy_and_hold,127356.59704042257,1.2735659704042257
2024-05-15,AMZN,same_stock_buy_and_hold,126621.33564801265,1.2662133564801266
2024-05-16,AMZN,same_stock_buy_and_hold,125014.65561540137,1.2501465561540137
2024-05-17,AMZN,same_stock_buy_and_hold,125743.10237149704,1.2574310237149704
2024-05-20,AMZN,same_stock_buy_and_hold,124953.37603758118,1.2495337603758119
2024-05-21,AMZN,same_stock_buy_and_hold,124687.8658302065,1.246878658302065
2024-05-22,AMZN,same_stock_buy_and_hold,124674.25738994939,1.246742573899494
2024-05-23,AMZN,same_stock_buy_and_hold,123258.19954663549,1.2325819954663548
2024-05-24,AMZN,same_stock_buy_and_hold,123053.9585008953,1.230539585008953
2024-05-28,AMZN,same_stock_buy_and_hold,124007.06937930253,1.2400706937930253
2024-05-29,AMZN,same_stock_buy_and_hold,123918.5729209681,1.239185729209681
2024-05-30,AMZN,same_stock_buy_and_hold,122080.42454591669,1.2208042454591668
2024-05-31,AMZN,same_stock_buy_and_hold,120119.7274314106,1.201197274314106
2024-06-03,AMZN,same_stock_buy_and_hold,121413.23653526983,1.2141323653526983
2024-06-04,AMZN,same_stock_buy_and_hold,122094.0329861738,1.220940329861738
2024-06-05,AMZN,same_stock_buy_and_hold,123414.77980291865,1.2341477980291866
2024-06-06,AMZN,same_stock_buy_and_hold,125947.34341723724,1.2594734341723723
2024-06-07,AMZN,same_stock_buy_and_hold,125470.78801207343,1.2547078801207343
2024-06-10,AMZN,same_stock_buy_and_hold,127349.78247218796,1.2734978247218796
2024-06-11,AMZN,same_stock_buy_and_hold,127465.51657532837,1.2746551657532836
2024-06-12,AMZN,same_stock_buy_and_hold,127234.04830096789,1.272340483009679
2024-06-13,AMZN,same_stock_buy_and_hold,125150.81279511318,1.2515081279511318
2024-06-14,AMZN,same_stock_buy_and_hold,125035.07869197277,1.2503507869197277
2024-06-17,AMZN,same_stock_buy_and_hold,125307.39311947601,1.25307393119476
2024-06-18,AMZN,same_stock_buy_and_hold,124456.39755584602,1.2445639755584603
2024-06-20,AMZN,same_stock_buy_and_hold,126696.22366608997,1.2669622366608997
2024-06-21,AMZN,same_stock_buy_and_hold,128724.9941623591,1.287249941623591
2024-06-24,AMZN,same_stock_buy_and_hold,126335.40236406658,1.2633540236406657
2024-06-25,AMZN,same_stock_buy_and_hold,126859.6081425017,1.268596081425017
2024-06-26,AMZN,same_stock_buy_and_hold,131809.00126799842,1.3180900126799842
2024-06-27,AMZN,same_stock_buy_and_hold,134695.5819642118,1.346955819642118
2024-06-28,AMZN,same_stock_buy_and_hold,131563.9141371951,1.315639141371951
2024-07-01,AMZN,same_stock_buy_and_hold,134253.05800779685,1.3425305800779685
2024-07-02,AMZN,same_stock_buy_and_hold,136159.29018079702,1.3615929018079702
2024-07-03,AMZN,same_stock_buy_and_hold,134518.56821517154,1.3451856821517154
2024-07-05,AMZN,same_stock_buy_and_hold,136159.29018079702,1.3615929018079702
2024-01-05,JPM,strategy,100000.0,1.0
2024-01-08,JPM,strategy,100000.0,1.0
2024-01-09,JPM,strategy,100000.0,1.0
2024-01-10,JPM,strategy,100000.0,1.0
2024-01-11,JPM,strategy,100000.0,1.0
2024-01-12,JPM,strategy,100000.0,1.0
2024-01-16,JPM,strategy,100000.0,1.0
2024-01-17,JPM,strategy,100000.0,1.0
2024-01-18,JPM,strategy,100000.0,1.0
2024-01-19,JPM,strategy,100000.0,1.0
2024-01-22,JPM,strategy,100000.0,1.0
2024-01-23,JPM,strategy,100000.0,1.0
2024-01-24,JPM,strategy,100000.0,1.0
2024-01-25,JPM,strategy,100000.0,1.0
2024-01-26,JPM,strategy,100000.0,1.0
2024-01-29,JPM,strategy,100000.0,1.0
2024-01-30,JPM,strategy,100000.0,1.0
2024-01-31,JPM,strategy,100000.0,1.0
2024-02-01,JPM,strategy,100000.0,1.0
2024-02-02,JPM,strategy,100000.0,1.0
2024-02-05,JPM,strategy,100000.0,1.0
2024-02-06,JPM,strategy,100000.0,1.0
2024-02-07,JPM,strategy,100000.0,1.0
2024-02-08,JPM,strategy,100000.0,1.0
2024-02-09,JPM,strategy,100000.0,1.0
2024-02-12,JPM,strategy,100477.36369555055,1.0047736369555056
2024-02-13,JPM,strategy,99602.85290574125,0.9960285290574126
2024-02-14,JPM,strategy,100614.5451099174,1.0061454510991739
2024-02-15,JPM,strategy,102809.39532625602,1.0280939532625601
2024-02-16,JPM,strategy,102329.27349364418,1.0232927349364418
2024-02-20,JPM,strategy,102729.37501129444,1.0272937501129444
2024-02-21,JPM,strategy,103398.11805211086,1.0339811805211085
2024-02-22,JPM,strategy,104638.44590879335,1.0463844590879334
2024-02-23,JPM,strategy,105164.29491763253,1.0516429491763253
2024-02-26,JPM,strategy,104804.19915632688,1.0480419915632688
2024-02-27,JPM,strategy,104855.63889300701,1.0485563889300702
2024-02-28,JPM,strategy,105387.20926457134,1.0538720926457135
2024-02-29,JPM,strategy,106347.45298695262,1.063474529869526
2024-03-01,JPM,strategy,105907.33691068538,1.0590733691068537
2024-03-04,JPM,strategy,106701.82738553312,1.067018273855331
2024-03-05,JPM,strategy,107770.68068911454,1.0777068068911453
2024-03-06,JPM,strategy,108330.82283668793,1.0833082283668793
2024-03-07,JPM,strategy,107382.00434952746,1.0738200434952745
2024-03-08,JPM,strategy,107582.05948090996,1.0758205948090995
2024-03-11,JPM,strategy,107622.06529441217,1.0762206529441216
2024-03-12,JPM,strategy,108508.0100073994,1.085080100073994
2024-03-13,JPM,strategy,109388.24215993384,1.0938824215993384
2024-03-14,JPM,strategy,107439.16544893273,1.0743916544893273
2024-03-15,JPM,strategy,108770.93891295517,1.0877093891295517
2024-03-18,JPM,strategy,110119.85891776592,1.1011985891776592
2024-03-19,JPM,strategy,110765.73399791127,1.1076573399791128
2024-03-20,JPM,strategy,112217.54222119704,1.1221754222119704
2024-03-21,JPM,strategy,113777.94264976868,1.1377794264976868
2024-03-22,JPM,strategy,112383.29546873059,1.1238329546873058
2024-03-25,JPM,strategy,111354.46541172326,1.1135446541172325
2024-03-26,JPM,strategy,111874.59305783731,1.1187459305783731
2024-03-27,JPM,strategy,114040.87149816686,1.1404087149816686
2024-03-28,JPM,strategy,114486.70019204446,1.1448670019204445
2024-04-01,JPM,strategy,113709.35625798503,1.1370935625798502
2024-04-02,JPM,strategy,113663.62913891529,1.136636291389153
2024-04-03,JPM,strategy,113343.5479362266,1.133435479362266
2024-04-04,JPM,strategy,112486.17848586282,1.1248617848586282
2024-04-05,JPM,strategy,113515.01723082729,1.1351501723082729
2024-04-08,JPM,strategy,113499.25751085606,1.1349925751085606
2024-04-09,JPM,strategy,113499.25751085606,1.1349925751085606
2024-04-10,JPM,strategy,113499.25751085606,1.1349925751085606
2024-04-11,JPM,strategy,113499.25751085606,1.1349925751085606
2024-04-12,JPM,strategy,113499.25751085606,1.1349925751085606
2024-04-15,JPM,strategy,113499.25751085606,1.1349925751085606
2024-04-16,JPM,strategy,113499.25751085606,1.1349925751085606
2024-04-17,JPM,strategy,113499.25751085606,1.1349925751085606
2024-04-18,JPM,strategy,113499.25751085606,1.1349925751085606
2024-04-19,JPM,strategy,113499.25751085606,1.1349925751085606
2024-04-22,JPM,strategy,113499.25751085606,1.1349925751085606
2024-04-23,JPM,strategy,113499.25751085606,1.1349925751085606
2024-04-24,JPM,strategy,113499.25751085606,1.1349925751085606
2024-04-25,JPM,strategy,113499.25751085606,1.1349925751085606
2024-04-26,JPM,strategy,113499.25751085606,1.1349925751085606
2024-04-29,JPM,strategy,113499.25751085606,1.1349925751085606
2024-04-30,JPM,strategy,113499.25751085606,1.1349925751085606
2024-05-01,JPM,strategy,113499.25751085606,1.1349925751085606
2024-05-02,JPM,strategy,113499.25751085606,1.1349925751085606
2024-05-03,JPM,strategy,113499.25751085606,1.1349925751085606
2024-05-06,JPM,strategy,113499.25751085606,1.1349925751085606
2024-05-07,JPM,strategy,113499.25751085606,1.1349925751085606
2024-05-08,JPM,strategy,113499.25751085606,1.1349925751085606
2024-05-09,JPM,strategy,113499.25751085606,1.1349925751085606
2024-05-10,JPM,strategy,113499.25751085606,1.1349925751085606
2024-05-13,JPM,strategy,113499.25751085606,1.1349925751085606
2024-05-14,JPM,strategy,113499.25751085606,1.1349925751085606
2024-05-15,JPM,strategy,113499.25751085606,1.1349925751085606
2024-05-16,JPM,strategy,113499.25751085606,1.1349925751085606
2024-05-17,JPM,strategy,113499.25751085606,1.1349925751085606
2024-05-20,JPM,strategy,113499.25751085606,1.1349925751085606
2024-05-21,JPM,strategy,113499.25751085606,1.1349925751085606
2024-05-22,JPM,strategy,113499.25751085606,1.1349925751085606
2024-05-23,JPM,strategy,113499.25751085606,1.1349925751085606
2024-05-24,JPM,strategy,113499.25751085606,1.1349925751085606
2024-05-28,JPM,strategy,113499.25751085606,1.1349925751085606
2024-05-29,JPM,strategy,113499.25751085606,1.1349925751085606
2024-05-30,JPM,strategy,113499.25751085606,1.1349925751085606
2024-05-31,JPM,strategy,113499.25751085606,1.1349925751085606
2024-06-03,JPM,strategy,113499.25751085606,1.1349925751085606
2024-06-04,JPM,strategy,113499.25751085606,1.1349925751085606
2024-06-05,JPM,strategy,113499.25751085606,1.1349925751085606
2024-06-06,JPM,strategy,113499.25751085606,1.1349925751085606
2024-06-07,JPM,strategy,113499.25751085606,1.1349925751085606
2024-06-10,JPM,strategy,113499.25751085606,1.1349925751085606
2024-06-11,JPM,strategy,113499.25751085606,1.1349925751085606
2024-06-12,JPM,strategy,113499.25751085606,1.1349925751085606
2024-06-13,JPM,strategy,113499.25751085606,1.1349925751085606
2024-06-14,JPM,strategy,113499.25751085606,1.1349925751085606
2024-06-17,JPM,strategy,113499.25751085606,1.1349925751085606
2024-06-18,JPM,strategy,113499.25751085606,1.1349925751085606
2024-06-20,JPM,strategy,113499.25751085606,1.1349925751085606
2024-06-21,JPM,strategy,113499.25751085606,1.1349925751085606
2024-06-24,JPM,strategy,113499.25751085606,1.1349925751085606
2024-06-25,JPM,strategy,113499.25751085606,1.1349925751085606
2024-06-26,JPM,strategy,113499.25751085606,1.1349925751085606
2024-06-27,JPM,strategy,113499.25751085606,1.1349925751085606
2024-06-28,JPM,strategy,113499.25751085606,1.1349925751085606
2024-07-01,JPM,strategy,113499.25751085606,1.1349925751085606
2024-07-02,JPM,strategy,113499.25751085606,1.1349925751085606
2024-07-03,JPM,strategy,113499.25751085606,1.1349925751085606
2024-07-05,JPM,strategy,113499.25751085606,1.1349925751085606
2024-01-05,JPM,same_stock_buy_and_hold,100000.0,1.0
2024-01-08,JPM,same_stock_buy_and_hold,99900.07495003122,0.9990007495003123
2024-01-09,JPM,same_stock_buy_and_hold,99110.25889099228,0.9911025889099228
2024-01-10,JPM,same_stock_buy_and_hold,99319.32810400856,0.9931932810400855
2024-01-11,JPM,same_stock_buy_and_hold,98901.18967797601,0.9890118967797601
2024-01-12,JPM,same_stock_buy_and_hold,98175.25612044768,0.9817525612044768
2024-01-16,JPM,same_stock_buy_and_hold,97559.66585745607,0.9755966585745607
2024-01-17,JPM,same_stock_buy_and_hold,97036.98835316469,0.9703698835316469
2024-01-18,JPM,same_stock_buy_and_hold,97228.63591577118,0.9722863591577119
2024-01-19,JPM,same_stock_buy_and_hold,98906.99395232859,0.9890699395232858
2024-01-22,JPM,same_stock_buy_and_hold,98790.84632536459,0.9879084632536459
2024-01-23,JPM,same_stock_buy_and_hold,98140.41270347874,0.9814041270347874
2024-01-24,JPM,same_stock_buy_and_hold,99017.33724686533,0.9901733724686532
2024-01-25,JPM,same_stock_buy_and_hold,100434.36094495306,1.0043436094495306
2024-01-26,JPM,same_stock_buy_and_hold,100051.06593588945,1.0005106593588944
2024-01-29,JPM,same_stock_buy_and_hold,100312.40021628444,1.0031240021628445
2024-01-30,JPM,same_stock_buy_and_hold,102368.24904562758,1.0236824904562758
2024-01-31,JPM,same_stock_buy_and_hold,101259.02042096095,1.0125902042096095
2024-02-01,JPM,same_stock_buy_and_hold,100893.1470623071,1.008931470623071
2024-02-02,JPM,same_stock_buy_and_hold,101473.89390832977,1.0147389390832977
2024-02-05,JPM,same_stock_buy_and_hold,101340.324630956,1.0134032463095601
2024-02-06,JPM,same_stock_buy_and_hold,101688.77628112536,1.0168877628112536
2024-02-07,JPM,same_stock_buy_and_hold,101880.41495830512,1.018804149583051
2024-02-08,JPM,same_stock_buy_and_hold,101514.55048507803,1.0151455048507803
2024-02-09,JPM,same_stock_buy_and_hold,101636.50232831991,1.016365023283199
2024-02-12,JPM,same_stock_buy_and_hold,102089.48417132138,1.0208948417132138
2024-02-13,JPM,same_stock_buy_and_hold,101200.94219380291,1.0120094219380291
2024-02-14,JPM,same_stock_buy_and_hold,102228.86660847448,1.0222886660847448
2024-02-15,JPM,same_stock_buy_and_hold,104458.9323484382,1.044589323484382
2024-02-16,JPM,same_stock_buy_and_hold,103971.10714654248,1.0397110714654247
2024-02-20,JPM,same_stock_buy_and_hold,104377.62813844313,1.0437762813844313
2024-02-21,JPM,same_stock_buy_and_hold,105057.10090294534,1.0505710090294533
2024-02-22,JPM,same_stock_buy_and_hold,106317.32934082227,1.0631732934082228
2024-02-23,JPM,same_stock_buy_and_hold,106851.6153938188,1.068516153938188
2024-02-26,JPM,same_stock_buy_and_hold,106485.74203516498,1.0648574203516499
2024-02-27,JPM,same_stock_buy_and_hold,106538.00710254369,1.0653800710254369
2024-02-28,JPM,same_stock_buy_and_hold,107078.10631531953,1.0707810631531953
2024-02-29,JPM,same_stock_buy_and_hold,108053.75677718566,1.0805375677718565
2024-03-01,JPM,same_stock_buy_and_hold,107606.57920853674,1.0760657920853673
2024-03-04,JPM,same_stock_buy_and_hold,108413.81697606016,1.0841381697606016
2024-03-05,JPM,same_stock_buy_and_hold,109499.81961788975,1.0949981961788975
2024-03-06,JPM,same_stock_buy_and_hold,110068.94902978052,1.1006894902978053
2024-03-07,JPM,same_stock_buy_and_hold,109104.90711661958,1.0910490711661958
2024-03-08,JPM,same_stock_buy_and_hold,109308.17205528327,1.0930817205528327
2024-03-11,JPM,same_stock_buy_and_hold,109348.81974660476,1.0934881974660475
2024-03-12,JPM,same_stock_buy_and_hold,110248.97910018044,1.1024897910018043
2024-03-13,JPM,same_stock_buy_and_hold,111143.33423747822,1.1114333423747822
2024-03-14,JPM,same_stock_buy_and_hold,109162.9853437776,1.091629853437776
2024-03-15,JPM,same_stock_buy_and_hold,110516.12659842942,1.1051612659842942
2024-03-18,JPM,same_stock_buy_and_hold,111886.68950349104,1.1188668950349103
2024-03-19,JPM,same_stock_buy_and_hold,112542.92739972945,1.1254292739972944
2024-03-20,JPM,same_stock_buy_and_hold,114018.02932497523,1.1401802932497522
2024-03-21,JPM,same_stock_buy_and_hold,115603.46577548036,1.1560346577548035
2024-03-22,JPM,same_stock_buy_and_hold,114186.44201931794,1.1418644201931794
2024-03-25,JPM,same_stock_buy_and_hold,113141.10478158864,1.1314110478158863
2024-03-26,JPM,same_stock_buy_and_hold,113669.57767480586,1.1366957767480586
2024-03-27,JPM,same_stock_buy_and_hold,115870.61321565467,1.1587061321565466
2024-03-28,JPM,same_stock_buy_and_hold,116323.59505865612,1.1632359505865613
2024-04-01,JPM,same_stock_buy_and_hold,115533.7789415425,1.155337789415425
2024-04-02,JPM,same_stock_buy_and_hold,115487.31814851637,1.1548731814851636
2024-04-03,JPM,same_stock_buy_and_hold,115162.10136661079,1.1516210136661078
2024-04-04,JPM,same_stock_buy_and_hold,114290.9757547058,1.142909757547058
2024-04-05,JPM,same_stock_buy_and_hold,115336.32181978715,1.1533632181978715
2024-04-08,JPM,same_stock_buy_and_hold,115934.49037429427,1.1593449037429426
2024-04-09,JPM,same_stock_buy_and_hold,115162.0960237398,1.151620960237398
2024-04-10,JPM,same_stock_buy_and_hold,114186.4455618737,1.141864455618737
2024-04-11,JPM,same_stock_buy_and_hold,114163.2107516846,1.141632107516846
2024-04-12,JPM,same_stock_buy_and_hold,106822.57096640614,1.0682257096640615
2024-04-15,JPM,same_stock_buy_and_hold,106880.64919356417,1.0688064919356417
2024-04-16,JPM,same_stock_buy_and_hold,105666.89043414012,1.0566689043414013
2024-04-17,JPM,same_stock_buy_and_hold,105248.75195003289,1.052487519500329
2024-04-18,JPM,same_stock_buy_and_hold,105928.2247145351,1.059282247145351
2024-04-19,JPM,same_stock_buy_and_hold,108570.62466425347,1.0857062466425347
2024-04-22,JPM,same_stock_buy_and_hold,110667.12112684343,1.1066712112684343
2024-04-23,JPM,same_stock_buy_and_hold,112252.55751927388,1.1225255751927388
2024-04-24,JPM,same_stock_buy_and_hold,112798.46094832761,1.1279846094832762
2024-04-25,JPM,same_stock_buy_and_hold,112966.87364267033,1.1296687364267033
2024-04-26,JPM,same_stock_buy_and_hold,113036.56930396023,1.1303656930396024
2024-04-29,JPM,same_stock_buy_and_hold,112914.6085752916,1.1291460857529159
2024-04-30,JPM,same_stock_buy_and_hold,112020.26232342057,1.1202026232342057
2024-05-01,JPM,same_stock_buy_and_hold,112089.94909928374,1.1208994909928374
2024-05-02,JPM,same_stock_buy_and_hold,111973.80153039443,1.1197380153039442
2024-05-03,JPM,same_stock_buy_and_hold,111305.93731459738,1.1130593731459737
2024-05-06,JPM,same_stock_buy_and_hold,112171.2533092788,1.1217125330927882
2024-05-07,JPM,same_stock_buy_and_hold,112026.06659777314,1.1202606659777314
2024-05-08,JPM,same_stock_buy_and_hold,114290.9757547058,1.142909757547058
2024-05-09,JPM,same_stock_buy_and_hold,115365.3609624035,1.153653609624035
2024-05-10,JPM,same_stock_buy_and_hold,116102.91195406373,1.1610291195406373
2024-05-13,JPM,same_stock_buy_and_hold,116079.67708579994,1.1607967708579994
2024-05-14,JPM,same_stock_buy_and_hold,117694.15262084675,1.1769415262084675
2024-05-15,JPM,same_stock_buy_and_hold,118042.60427101611,1.1804260427101612
2024-05-16,JPM,same_stock_buy_and_hold,118251.67348403239,1.1825167348403238
2024-05-17,JPM,same_stock_buy_and_hold,119599.00157890489,1.1959900157890488
2024-05-20,JPM,same_stock_buy_and_hold,114250.32806338428,1.1425032806338429
2024-05-21,JPM,same_stock_buy_and_hold,116538.47208858073,1.1653847208858072
2024-05-22,JPM,same_stock_buy_and_hold,115835.76451388943,1.1583576451388944
2024-05-23,JPM,same_stock_buy_and_hold,115028.52674636603,1.1502852674636603
2024-05-24,JPM,same_stock_buy_and_hold,117229.56222914014,1.1722956222914014
2024-05-28,JPM,same_stock_buy_and_hold,116526.85465444883,1.1652685465444883
2024-05-29,JPM,same_stock_buy_and_hold,115719.61688692543,1.1571961688692542
2024-05-30,JPM,same_stock_buy_and_hold,116428.1287359693,1.164281287359693
2024-05-31,JPM,same_stock_buy_and_hold,118344.59512815933,1.1834459512815934
2024-06-03,JPM,same_stock_buy_and_hold,117874.1915766734,1.178741915766734
2024-06-04,JPM,same_stock_buy_and_hold,116329.40287556445,1.1632940287556446
2024-06-05,JPM,same_stock_buy_and_hold,115225.97852525041,1.152259785252504
2024-06-06,JPM,same_stock_buy_and_hold,115022.72247201345,1.1502272247201346
2024-06-07,JPM,same_stock_buy_and_hold,116788.18893484381,1.1678818893484382
2024-06-10,JPM,same_stock_buy_and_hold,116590.73715595945,1.1659073715595945
2024-06-11,JPM,same_stock_buy_and_hold,113541.81621434042,1.1354181621434043
2024-06-12,JPM,same_stock_buy_and_hold,111898.30159475193,1.1189830159475194
2024-06-13,JPM,same_stock_buy_and_hold,113135.29522243977,1.1313529522243977
2024-06-14,JPM,same_stock_buy_and_hold,113204.98199830294,1.1320498199830293
2024-06-17,JPM,same_stock_buy_and_hold,113901.87641321492,1.1390187641321492
2024-06-18,JPM,same_stock_buy_and_hold,115074.98753939215,1.1507498753939216
2024-06-20,JPM,same_stock_buy_and_hold,116044.83372690571,1.160448337269057
2024-06-21,JPM,same_stock_buy_and_hold,114668.46654749151,1.146684665474915
2024-06-24,JPM,same_stock_buy_and_hold,116166.79445557432,1.1616679445557432
2024-06-25,JPM,same_stock_buy_and_hold,115696.39090408839,1.1569639090408839
2024-06-26,JPM,same_stock_buy_and_hold,115324.70444372993,1.1532470444372993
2024-06-27,JPM,same_stock_buy_and_hold,116335.20714991704,1.1633520714991705
2024-06-28,JPM,same_stock_buy_and_hold,118129.71275536375,1.1812971275536375
2024-07-01,JPM,same_stock_buy_and_hold,119982.2965879685,1.199822965879685
2024-07-02,JPM,same_stock_buy_and_hold,121945.22377318467,1.2194522377318466
2024-07-03,JPM,same_stock_buy_and_hold,121863.9195631896,1.218639195631896
2024-07-05,JPM,same_stock_buy_and_hold,120266.86045183097,1.2026686045183097
2024-01-05,SPY,SPY,100000.0,1.0
2024-01-08,SPY,SPY,101215.92750155104,1.0121592750155104
2024-01-09,SPY,SPY,101062.37590373485,1.0106237590373486
2024-01-10,SPY,SPY,101633.92656395698,1.0163392656395698
2024-01-11,SPY,SPY,101589.1425686625,1.015891425686625
2024-01-12,SPY,SPY,101659.51740927102,1.0165951740927102
2024-01-16,SPY,SPY,101286.30234215956,1.0128630234215956
2024-01-17,SPY,SPY,100723.2841248017,1.0072328412480172
2024-01-18,SPY,SPY,101618.99638310597,1.0161899638310596
2024-01-19,SPY,SPY,102885.79548692299,1.0288579548692298
2024-01-22,SPY,SPY,103103.33071329299,1.0310333071329298
2024-01-23,SPY,SPY,103404.02970898635,1.0340402970898634
2024-01-24,SPY,SPY,103517.06678524293,1.0351706678524293
2024-01-25,SPY,SPY,104080.08500260077,1.0408008500260078
2024-01-26,SPY,SPY,103947.86128096918,1.0394786128096918
2024-01-29,SPY,SPY,104771.0639511342,1.047710639511342
2024-01-30,SPY,SPY,104690.02842473611,1.0469002842473611
2024-01-31,SPY,SPY,102981.76767745097,1.0298176767745097
2024-02-01,SPY,SPY,104329.60879094496,1.0432960879094495
2024-02-02,SPY,SPY,105427.92611609474,1.0542792611609473
2024-02-05,SPY,SPY,105044.04385858825,1.0504404385858825
2024-02-06,SPY,SPY,105349.01883262194,1.0534901883262193
2024-02-07,SPY,SPY,106227.67268847645,1.0622767268847646
2024-02-08,SPY,SPY,106274.5914099751,1.062745914099751
2024-02-09,SPY,SPY,106888.79782256644,1.0688879782256644
2024-02-12,SPY,SPY,106841.87910106781,1.0684187910106782
2024-02-13,SPY,SPY,105370.34020420109,1.0537034020420109
2024-02-14,SPY,SPY,106327.90784813387,1.0632790784813386
2024-02-15,SPY,SPY,107061.54257036308,1.0706154257036307
2024-02-16,SPY,SPY,106528.37818877527,1.0652837818877527
2024-02-20,SPY,SPY,105941.89736902868,1.0594189736902868
2024-02-21,SPY,SPY,106037.86305495122,1.0603786305495122
2024-02-22,SPY,SPY,108232.36946232554,1.0823236946232555
2024-02-23,SPY,SPY,108307.01377666891,1.0830701377666891
2024-02-26,SPY,SPY,107910.33608584214,1.0791033608584213
2024-02-27,SPY,SPY,108110.80642648353,1.0811080642648352
2024-02-28,SPY,SPY,107967.92201906236,1.0796792201906236
2024-02-29,SPY,SPY,108356.06074109282,1.0835606074109283
2024-03-01,SPY,SPY,109373.33603523909,1.0937333603523909
2024-03-04,SPY,SPY,109256.04247313197,1.0925604247313196
2024-03-05,SPY,SPY,108164.12286464231,1.0816412286464232
2024-03-06,SPY,SPY,108712.21740575456,1.0871221740575456
2024-03-07,SPY,SPY,109791.34160225048,1.0979134160225048
2024-03-08,SPY,SPY,109132.35119436467,1.0913235119436466
2024-03-11,SPY,SPY,109038.5137513674,1.090385137513674
2024-03-12,SPY,SPY,110211.48189546604,1.1021148189546603
2024-03-13,SPY,SPY,110038.72413845848,1.1003872413845848
2024-03-14,SPY,SPY,109821.20192129939,1.0982120192129938
2024-03-15,SPY,SPY,109069.43468365731,1.090694346836573
2024-03-18,SPY,SPY,109715.62965822285,1.0971562965822286
2024-03-19,SPY,SPY,110323.44485875948,1.103234448587595
2024-03-20,SPY,SPY,111340.7136483003,1.113407136483003
2024-03-21,SPY,SPY,111707.53750335706,1.1170753750335707
2024-03-22,SPY,SPY,111496.40649825268,1.1149640649825268
2024-03-25,SPY,SPY,111189.30328129372,1.111893032812937
2024-03-26,SPY,SPY,110984.563488244,1.1098456348824401
2024-03-27,SPY,SPY,111914.3990347266,1.119143990347266
2024-03-28,SPY,SPY,111893.07766314744,1.1189307766314744
2024-04-01,SPY,SPY,111698.99853456074,1.1169899853456073
2024-04-02,SPY,SPY,110990.96770950961,1.109909677095096
2024-04-03,SPY,SPY,111112.51771481415,1.1111251771481416
2024-04-04,SPY,SPY,109760.42013679621,1.097604201367962
2024-04-05,SPY,SPY,110903.52145724047,1.1090352145724047
2024-04-08,SPY,SPY,110965.3638336581,1.1096536383365811
2024-04-09,SPY,SPY,111093.33109076573,1.1109333109076573
2024-04-10,SPY,SPY,109984.34657522089,1.099843465752209
2024-04-11,SPY,SPY,110811.81874044737,1.1081181874044737
2024-04-12,SPY,SPY,109286.96991002731,1.092869699100273
2024-04-15,SPY,SPY,107922.07039408361,1.0792207039408361
2024-04-16,SPY,SPY,107725.8630438982,1.0772586304389822
2024-04-17,SPY,SPY,107090.32875512226,1.0709032875512225
2024-04-18,SPY,SPY,106870.665285827,1.06870665285827
2024-04-19,SPY,SPY,105940.82973934442,1.0594082973934442
2024-04-22,SPY,SPY,106913.3210381962,1.069133210381962
2024-04-23,SPY,SPY,108177.9853944825,1.081779853944825
2024-04-24,SPY,SPY,108126.80370385444,1.0812680370385443
2024-04-25,SPY,SPY,107717.33057970734,1.0771733057970734
2024-04-26,SPY,SPY,108734.61239978563,1.0873461239978564
2024-04-29,SPY,SPY,109118.48815268667,1.0911848815268668
2024-04-30,SPY,SPY,107395.30372915596,1.0739530372915596
2024-05-01,SPY,SPY,107047.67950735851,1.0704767950735852
2024-05-02,SPY,SPY,108045.7616728509,1.080457616728509
2024-05-03,SPY,SPY,109380.80735302457,1.0938080735302458
2024-05-06,SPY,SPY,110506.85027101914,1.1050685027101914
2024-05-07,SPY,SPY,110628.41330686114,1.1062841330686115
2024-05-08,SPY,SPY,110639.07399265072,1.1063907399265072
2024-05-09,SPY,SPY,111274.60177682122,1.1127460177682122
2024-05-10,SPY,SPY,111417.49921477986,1.1141749921477986
2024-05-13,SPY,SPY,111432.41634376683,1.1143241634376684
2024-05-14,SPY,SPY,111942.12462757135,1.1194212462757136
2024-05-15,SPY,SPY,113324.09555517569,1.1332409555517569
2024-05-16,SPY,SPY,113091.63014795465,1.1309163014795465
2024-05-17,SPY,SPY,113253.7142099617,1.132537142099617
2024-05-20,SPY,SPY,113383.80320538915,1.1338380320538914
2024-05-21,SPY,SPY,113661.04608197264,1.1366104608197265
2024-05-22,SPY,SPY,113334.75624096525,1.1333475624096525
2024-05-23,SPY,SPY,112509.41882326952,1.1250941882326952
2024-05-24,SPY,SPY,113251.57946243101,1.13251579462431
2024-05-28,SPY,SPY,113330.48676723037,1.1333048676723037
2024-05-29,SPY,SPY,112539.2661331075,1.125392661331075
2024-05-30,SPY,SPY,111794.9707464153,1.1179497074641531
2024-05-31,SPY,SPY,112810.1177976363,1.128101177976363
2024-06-03,SPY,SPY,112901.82051442942,1.1290182051442943
2024-06-04,SPY,SPY,113027.65302400629,1.1302765302400628
2024-06-05,SPY,SPY,114366.95519003052,1.1436695519003053
2024-06-06,SPY,SPY,114364.8204424998,1.143648204424998
2024-06-07,SPY,SPY,114226.20553014008,1.142262055301401
2024-06-10,SPY,SPY,114578.08619513492,1.1457808619513492
2024-06-11,SPY,SPY,114853.20735472515,1.1485320735472515
2024-06-12,SPY,SPY,115793.70360832389,1.1579370360832388
2024-06-13,SPY,SPY,116026.16899421833,1.1602616899421834
2024-06-14,SPY,SPY,116096.5503394323,1.160965503394323
2024-06-17,SPY,SPY,117017.84693844512,1.1701784693844512
2024-06-18,SPY,SPY,117314.28944828792,1.1731428944828792
2024-06-20,SPY,SPY,116996.52556686597,1.1699652556686597
2024-06-21,SPY,SPY,116840.63039169407,1.1684063039169406
2024-06-24,SPY,SPY,116463.14582952113,1.1646314582952113
2024-06-25,SPY,SPY,116908.87698937728,1.1690887698937729
2024-06-26,SPY,SPY,117053.89614432919,1.170538961443292
2024-06-27,SPY,SPY,117237.30155658883,1.1723730155658882
2024-06-28,SPY,SPY,116778.77498473895,1.1677877498473894
2024-07-01,SPY,SPY,117017.6446132256,1.170176446132256
2024-07-02,SPY,SPY,117800.32627855214,1.1780032627855213
2024-07-03,SPY,SPY,118322.82997435036,1.1832282997435035
2024-07-05,SPY,SPY,119001.01348956348,1.190010134895635
2024-01-05,ALL,equal_weight_strategy,1.0,1.0
2024-01-08,ALL,equal_weight_strategy,1.0,1.0
2024-01-09,ALL,equal_weight_strategy,1.0,1.0
2024-01-10,ALL,equal_weight_strategy,1.0,1.0
2024-01-11,ALL,equal_weight_strategy,1.0,1.0
2024-01-12,ALL,equal_weight_strategy,1.0,1.0
2024-01-16,ALL,equal_weight_strategy,1.0,1.0
2024-01-17,ALL,equal_weight_strategy,1.0,1.0
2024-01-18,ALL,equal_weight_strategy,1.0,1.0
2024-01-19,ALL,equal_weight_strategy,1.0,1.0
2024-01-22,ALL,equal_weight_strategy,1.0,1.0
2024-01-23,ALL,equal_weight_strategy,1.0,1.0
2024-01-24,ALL,equal_weight_strategy,1.0,1.0
2024-01-25,ALL,equal_weight_strategy,1.0,1.0
2024-01-26,ALL,equal_weight_strategy,1.0,1.0
2024-01-29,ALL,equal_weight_strategy,1.0,1.0
2024-01-30,ALL,equal_weight_strategy,1.0,1.0
2024-01-31,ALL,equal_weight_strategy,1.0,1.0
2024-02-01,ALL,equal_weight_strategy,1.0,1.0
2024-02-02,ALL,equal_weight_strategy,1.0,1.0
2024-02-05,ALL,equal_weight_strategy,1.0,1.0
2024-02-06,ALL,equal_weight_strategy,1.0,1.0
2024-02-07,ALL,equal_weight_strategy,1.0,1.0
2024-02-08,ALL,equal_weight_strategy,1.0,1.0
2024-02-09,ALL,equal_weight_strategy,1.0,1.0
2024-02-12,ALL,equal_weight_strategy,1.0015912123185018,1.0015912123185018
2024-02-13,ALL,equal_weight_strategy,0.9986761763524709,0.9986761763524709
2024-02-14,ALL,equal_weight_strategy,1.0020484836997248,1.0020484836997248
2024-02-15,ALL,equal_weight_strategy,1.00936465108752,1.00936465108752
2024-02-16,ALL,equal_weight_strategy,1.007764244978814,1.007764244978814
2024-02-20,ALL,equal_weight_strategy,1.0090979167043148,1.0090979167043148
2024-02-21,ALL,equal_weight_strategy,1.0113270601737028,1.0113270601737028
2024-02-22,ALL,equal_weight_strategy,1.0154614863626445,1.0154614863626445
2024-02-23,ALL,equal_weight_strategy,1.0172143163921084,1.0172143163921084
2024-02-26,ALL,equal_weight_strategy,1.0160139971877562,1.0160139971877562
2024-02-27,ALL,equal_weight_strategy,1.01618546297669,1.01618546297669
2024-02-28,ALL,equal_weight_strategy,1.0179573642152377,1.0179573642152377
2024-02-29,ALL,equal_weight_strategy,1.0211581766231754,1.0211581766231754
2024-03-01,ALL,equal_weight_strategy,1.0196911230356178,1.0196911230356178
2024-03-04,ALL,equal_weight_strategy,1.0223394246184438,1.0223394246184438
2024-03-05,ALL,equal_weight_strategy,1.025902268963715,1.025902268963715
2024-03-06,ALL,equal_weight_strategy,1.0277694094556264,1.0277694094556264
2024-03-07,ALL,equal_weight_strategy,1.0246066811650916,1.0246066811650916
2024-03-08,ALL,equal_weight_strategy,1.0252735316030333,1.0252735316030333
2024-03-11,ALL,equal_weight_strategy,1.0254068843147073,1.0254068843147073
2024-03-12,ALL,equal_weight_strategy,1.028360033357998,1.028360033357998
2024-03-13,ALL,equal_weight_strategy,1.0312941405331129,1.0312941405331129
2024-03-14,ALL,equal_weight_strategy,1.024797218163109,1.024797218163109
2024-03-15,ALL,equal_weight_strategy,1.029236463043184,1.029236463043184
2024-03-18,ALL,equal_weight_strategy,1.0337328630592197,1.0337328630592197
2024-03-19,ALL,equal_weight_strategy,1.0358857799930377,1.0358857799930377
2024-03-20,ALL,equal_weight_strategy,1.0407251407373235,1.0407251407373235
2024-03-21,ALL,equal_weight_strategy,1.045926475499229,1.045926475499229
2024-03-22,ALL,equal_weight_strategy,1.0412776515624353,1.0412776515624353
2024-03-25,ALL,equal_weight_strategy,1.0378482180390776,1.0378482180390776
2024-03-26,ALL,equal_weight_strategy,1.0395819768594576,1.0395819768594576
2024-03-27,ALL,equal_weight_strategy,1.0468029049938894,1.0468029049938894
2024-03-28,ALL,equal_weight_strategy,1.0482890006401482,1.0482890006401482
2024-04-01,ALL,equal_weight_strategy,1.0456978541932835,1.0456978541932835
2024-04-02,ALL,equal_weight_strategy,1.045545430463051,1.045545430463051
2024-04-03,ALL,equal_weight_strategy,1.0444784931207554,1.0444784931207554
2024-04-04,ALL,equal_weight_strategy,1.041620594952876,1.041620594952876
2024-04-05,ALL,equal_weight_strategy,1.045050057436091,1.045050057436091
2024-04-08,ALL,equal_weight_strategy,1.0449975250361867,1.0449975250361867
2024-04-09,ALL,equal_weight_strategy,1.0449975250361867,1.0449975250361867
2024-04-10,ALL,equal_weight_strategy,1.0449975250361867,1.0449975250361867
2024-04-11,ALL,equal_weight_strategy,1.0449975250361867,1.0449975250361867
2024-04-12,ALL,equal_weight_strategy,1.0449975250361867,1.0449975250361867
2024-04-15,ALL,equal_weight_strategy,1.032492071015014,1.032492071015014
2024-04-16,ALL,equal_weight_strategy,1.0256735664205012,1.0256735664205012
2024-04-17,ALL,equal_weight_strategy,1.019428592082457,1.019428592082457
2024-04-18,ALL,equal_weight_strategy,1.0139456603003583,1.0139456603003583
2024-04-19,ALL,equal_weight_strategy,1.0019169262888032,1.0019169262888032
2024-04-22,ALL,equal_weight_strategy,1.0081313509151797,1.0081313509151797
2024-04-23,ALL,equal_weight_strategy,1.0142483268040674,1.0142483268040674
2024-04-24,ALL,equal_weight_strategy,1.0130329696023617,1.0130329696023617
2024-04-25,ALL,equal_weight_strategy,1.0094971911479016,1.0094971911479016
2024-04-26,ALL,equal_weight_strategy,1.0189479658030896,1.0189479658030896
2024-04-29,ALL,equal_weight_strategy,1.0293043102320343,1.0293043102320343
2024-04-30,ALL,equal_weight_strategy,1.0126957018859457,1.0126957018859457
2024-05-01,ALL,equal_weight_strategy,1.0178464424010907,1.0178464424010907
2024-05-02,ALL,equal_weight_strategy,1.0350920499055454,1.0350920499055454
2024-05-03,ALL,equal_weight_strategy,1.0573934563815894,1.0573934563815894
2024-05-06,ALL,equal_weight_strategy,1.058646087378552,1.058646087378552
2024-05-07,ALL,equal_weight_strategy,1.0600629356715572,1.0600629356715572
2024-05-08,ALL,equal_weight_strategy,1.059358346037195,1.059358346037195
2024-05-09,ALL,equal_weight_strategy,1.0654984289210168,1.0654984289210168
2024-05-10,ALL,equal_weight_strategy,1.059497881404319,1.059497881404319
2024-05-13,ALL,equal_weight_strategy,1.06401474441887,1.06401474441887
2024-05-14,ALL,equal_weight_strategy,1.0670868601504815,1.0670868601504815
2024-05-15,ALL,equal_weight_strategy,1.0695166756478212,1.0695166756478212
2024-05-16,ALL,equal_weight_strategy,1.06555161086688,1.06555161086688
2024-05-17,ALL,equal_weight_strategy,1.0675095941573147,1.0675095941573147
2024-05-20,ALL,equal_weight_strategy,1.0676704273163766,1.0676704273163766
2024-05-21,ALL,equal_weight_strategy,1.0694651807739888,1.0694651807739888
2024-05-22,ALL,equal_weight_strategy,1.0666761632415172,1.0666761632415172
2024-05-23,ALL,equal_weight_strategy,1.0553469307418417,1.0553469307418417
2024-05-24,ALL,equal_weight_strategy,1.0607006600160587,1.0607006600160587
2024-05-28,ALL,equal_weight_strategy,1.0632069878752903,1.0632069878752903
2024-05-29,ALL,equal_weight_strategy,1.063545702420153,1.063545702420153
2024-05-30,ALL,equal_weight_strategy,1.0606476652358936,1.0606476652358936
2024-05-31,ALL,equal_weight_strategy,1.05735386900888,1.05735386900888
2024-06-03,ALL,equal_weight_strategy,1.0641096536266916,1.0641096536266916
2024-06-04,ALL,equal_weight_strategy,1.0664939968662077,1.0664939968662077
2024-06-05,ALL,equal_weight_strategy,1.0728271171826844,1.0728271171826844
2024-06-06,ALL,equal_weight_strategy,1.076796769614103,1.076796769614103
2024-06-07,ALL,equal_weight_strategy,1.080129591542015,1.080129591542015
2024-06-10,ALL,equal_weight_strategy,1.0778741185502163,1.0778741185502163
2024-06-11,ALL,equal_weight_strategy,1.1048184445311742,1.1048184445311742
2024-06-12,ALL,equal_weight_strategy,1.1154562072731329,1.1154562072731329
2024-06-13,ALL,equal_weight_strategy,1.1122413881816253,1.1122413881816253
2024-06-14,ALL,equal_weight_strategy,1.1086161923008202,1.1086161923008202
2024-06-17,ALL,equal_weight_strategy,1.1172644534558573,1.1172644534558573
2024-06-18,ALL,equal_weight_strategy,1.1105241071762606,1.1105241071762606
2024-06-20,ALL,equal_weight_strategy,1.1076151785650472,1.1076151785650472
2024-06-21,ALL,equal_weight_strategy,1.1087509508031035,1.1087509508031035
2024-06-24,ALL,equal_weight_strategy,1.103749174826345,1.103749174826345
2024-06-25,ALL,equal_weight_strategy,1.1068832275936265,1.1068832275936265
2024-06-26,ALL,equal_weight_strategy,1.1277371936446778,1.1277371936446778
2024-06-27,ALL,equal_weight_strategy,1.1368843826104558,1.1368843826104558
2024-06-28,ALL,equal_weight_strategy,1.1221033398359455,1.1221033398359455
2024-07-01,ALL,equal_weight_strategy,1.1407617458256978,1.1407617458256978
2024-07-02,ALL,equal_weight_strategy,1.1524207321915785,1.1524207321915785
2024-07-03,ALL,equal_weight_strategy,1.150569620186429,1.150569620186429
2024-07-05,ALL,equal_weight_strategy,1.163947356539041,1.163947356539041
