experiment_id,run_id,symbol,series,metric,value
M1_finmultitime_prompt_2024H1,20260814T015553499023Z_ac0d1b00,AAPL,strategy,cumulative_return,0.29085068064816744
M1_finmultitime_prompt_2024H1,20260814T015553499023Z_ac0d1b00,AAPL,strategy,annualized_return,0.6800749696851716
M1_finmultitime_prompt_2024H1,20260814T015553499023Z_ac0d1b00,AAPL,strategy,annualized_volatility,0.18977348698231122
M1_finmultitime_prompt_2024H1,20260814T015553499023Z_ac0d1b00,AAPL,strategy,sharpe_ratio,2.82886433216841
M1_finmultitime_prompt_2024H1,20260814T015553499023Z_ac0d1b00,AAPL,strategy,sortino_ratio,6.528733368620798
M1_finmultitime_prompt_2024H1,20260814T015553499023Z_ac0d1b00,AAPL,strategy,maximum_drawdown,0.060018686681325484
M1_finmultitime_prompt_2024H1,20260814T015553499023Z_ac0d1b00,AAPL,strategy,calmar_ratio,11.331053831552325
M1_finmultitime_prompt_2024H1,20260814T015553499023Z_ac0d1b00,AAPL,strategy,turnover,0.9587305999274173
M1_finmultitime_prompt_2024H1,20260814T015553499023Z_ac0d1b00,AAPL,strategy,total_commission_cost,49.97501249375313
M1_finmultitime_prompt_2024H1,20260814T015553499023Z_ac0d1b00,AAPL,strategy,total_slippage_cost,49.95003747501398
M1_finmultitime_prompt_2024H1,20260814T015553499023Z_ac0d1b00,AAPL,strategy,total_transaction_cost,99.9250499687671
M1_finmultitime_prompt_2024H1,20260814T015553499023Z_ac0d1b00,AAPL,strategy,commission_cost_rate,0.0004997501249375312
M1_finmultitime_prompt_2024H1,20260814T015553499023Z_ac0d1b00,AAPL,strategy,slippage_cost_rate,0.0004995003747501398
M1_finmultitime_prompt_2024H1,20260814T015553499023Z_ac0d1b00,AAPL,strategy,transaction_cost_rate,0.000999250499687671
M1_finmultitime_prompt_2024H1,20260814T015553499023Z_ac0d1b00,AAPL,strategy,trade_count,1.0
M1_finmultitime_prompt_2024H1,20260814T015553499023Z_ac0d1b00,AAPL,strategy,average_exposure,0.4556213627327146
M1_finmultitime_prompt_2024H1,20260814T015553499023Z_ac0d1b00,AAPL,strategy,time_in_market,0.456
M1_finmultitime_prompt_2024H1,20260814T015553499023Z_ac0d1b00,AAPL,strategy,decision_count,26.0
M1_finmultitime_prompt_2024H1,20260814T015553499023Z_ac0d1b00,AAPL,strategy,decision_failure_count,0.0
M1_finmultitime_prompt_2024H1,20260814T015553499023Z_ac0d1b00,AAPL,strategy,decision_failure_rate,0.0
M1_finmultitime_prompt_2024H1,20260814T015553499023Z_ac0d1b00,AAPL,strategy,cumulative_dividends,142.42141110889008
M1_finmultitime_prompt_2024H1,20260814T015553499023Z_ac0d1b00,AAPL,strategy,buy_decision_count,2.0
M1_finmultitime_prompt_2024H1,20260814T015553499023Z_ac0d1b00,AAPL,strategy,hold_decision_count,21.0
M1_finmultitime_prompt_2024H1,20260814T015553499023Z_ac0d1b00,AAPL,strategy,sell_decision_count,3.0
M1_finmultitime_prompt_2024H1,20260814T015553499023Z_ac0d1b00,AAPL,strategy,noop_rebalance_count,25.0
M1_finmultitime_prompt_2024H1,20260814T015553499023Z_ac0d1b00,AAPL,strategy,filled_order_count,1.0
M1_finmultitime_prompt_2024H1,20260814T015553499023Z_ac0d1b00,AAPL,strategy,rejected_order_count,0.0
M1_finmultitime_prompt_2024H1,20260814T015553499023Z_ac0d1b00,AAPL,strategy,risk_free_rate,0.0
M1_finmultitime_prompt_2024H1,20260814T015553499023Z_ac0d1b00,AAPL,strategy,annualization_factor,252.0
M1_finmultitime_prompt_2024H1,20260814T015553499023Z_ac0d1b00,AAPL,strategy,same_stock_buy_and_hold_cumulative_return,0.24445791046925902
M1_finmultitime_prompt_2024H1,20260814T015553499023Z_ac0d1b00,AAPL,strategy,spy_cumulative_return,0.1900101348956349
M1_finmultitime_prompt_2024H1,20260814T015553499023Z_ac0d1b00,AAPL,strategy,excess_return_vs_same_stock_buy_and_hold,0.046392770178908416
M1_finmultitime_prompt_2024H1,20260814T015553499023Z_ac0d1b00,AAPL,strategy,excess_return_vs_spy,0.10084054575253254
M1_finmultitime_prompt_2024H1,20260814T015553499023Z_ac0d1b00,AAPL,same_stock_buy_and_hold,cumulative_return,0.24445791046925902
M1_finmultitime_prompt_2024H1,20260814T015553499023Z_ac0d1b00,AAPL,same_stock_buy_and_hold,annualized_return,0.5596397779888815
M1_finmultitime_prompt_2024H1,20260814T015553499023Z_ac0d1b00,AAPL,same_stock_buy_and_hold,annualized_volatility,0.24435494959791104
M1_finmultitime_prompt_2024H1,20260814T015553499023Z_ac0d1b00,AAPL,same_stock_buy_and_hold,sharpe_ratio,1.9401485738253195
M1_finmultitime_prompt_2024H1,20260814T015553499023Z_ac0d1b00,AAPL,same_stock_buy_and_hold,sortino_ratio,3.4955923234873088
M1_finmultitime_prompt_2024H1,20260814T015553499023Z_ac0d1b00,AAPL,same_stock_buy_and_hold,maximum_drawdown,0.1533968327687104
M1_finmultitime_prompt_2024H1,20260814T015553499023Z_ac0d1b00,AAPL,same_stock_buy_and_hold,calmar_ratio,3.6483137747224452
M1_finmultitime_prompt_2024H1,20260814T015553499023Z_ac0d1b00,AAPL,same_stock_buy_and_hold,turnover,0.9812328289712602
M1_finmultitime_prompt_2024H1,20260814T015553499023Z_ac0d1b00,AAPL,same_stock_buy_and_hold,total_commission_cost,49.97501249375313
M1_finmultitime_prompt_2024H1,20260814T015553499023Z_ac0d1b00,AAPL,same_stock_buy_and_hold,total_slippage_cost,49.95003747500594
M1_finmultitime_prompt_2024H1,20260814T015553499023Z_ac0d1b00,AAPL,same_stock_buy_and_hold,total_transaction_cost,99.92504996875907
M1_finmultitime_prompt_2024H1,20260814T015553499023Z_ac0d1b00,AAPL,same_stock_buy_and_hold,commission_cost_rate,0.0004997501249375312
M1_finmultitime_prompt_2024H1,20260814T015553499023Z_ac0d1b00,AAPL,same_stock_buy_and_hold,slippage_cost_rate,0.0004995003747500594
M1_finmultitime_prompt_2024H1,20260814T015553499023Z_ac0d1b00,AAPL,same_stock_buy_and_hold,transaction_cost_rate,0.0009992504996875907
M1_finmultitime_prompt_2024H1,20260814T015553499023Z_ac0d1b00,AAPL,same_stock_buy_and_hold,trade_count,1.0
M1_finmultitime_prompt_2024H1,20260814T015553499023Z_ac0d1b00,AAPL,same_stock_buy_and_hold,average_exposure,0.9905667189999791
M1_finmultitime_prompt_2024H1,20260814T015553499023Z_ac0d1b00,AAPL,same_stock_buy_and_hold,time_in_market,0.992
M1_finmultitime_prompt_2024H1,20260814T015553499023Z_ac0d1b00,AAPL,same_stock_buy_and_hold,decision_count,26.0
M1_finmultitime_prompt_2024H1,20260814T015553499023Z_ac0d1b00,AAPL,same_stock_buy_and_hold,decision_failure_count,0.0
M1_finmultitime_prompt_2024H1,20260814T015553499023Z_ac0d1b00,AAPL,same_stock_buy_and_hold,decision_failure_rate,0.0
M1_finmultitime_prompt_2024H1,20260814T015553499023Z_ac0d1b00,AAPL,same_stock_buy_and_hold,cumulative_dividends,268.82880839245377
M1_finmultitime_prompt_2024H1,20260814T015553499023Z_ac0d1b00,AAPL,same_stock_buy_and_hold,buy_decision_count,1.0
M1_finmultitime_prompt_2024H1,20260814T015553499023Z_ac0d1b00,AAPL,same_stock_buy_and_hold,hold_decision_count,25.0
M1_finmultitime_prompt_2024H1,20260814T015553499023Z_ac0d1b00,AAPL,same_stock_buy_and_hold,sell_decision_count,0.0
M1_finmultitime_prompt_2024H1,20260814T015553499023Z_ac0d1b00,AAPL,same_stock_buy_and_hold,noop_rebalance_count,25.0
M1_finmultitime_prompt_2024H1,20260814T015553499023Z_ac0d1b00,AAPL,same_stock_buy_and_hold,filled_order_count,1.0
M1_finmultitime_prompt_2024H1,20260814T015553499023Z_ac0d1b00,AAPL,same_stock_buy_and_hold,rejected_order_count,0.0
M1_finmultitime_prompt_2024H1,20260814T015553499023Z_ac0d1b00,AAPL,same_stock_buy_and_hold,risk_free_rate,0.0
M1_finmultitime_prompt_2024H1,20260814T015553499023Z_ac0d1b00,AAPL,same_stock_buy_and_hold,annualization_factor,252.0
M1_finmultitime_prompt_2024H1,20260814T015553499023Z_ac0d1b00,AMZN,strategy,cumulative_return,0.06599881386039463
M1_finmultitime_prompt_2024H1,20260814T015553499023Z_ac0d1b00,AMZN,strategy,annualized_return,0.13869868997272228
M1_finmultitime_prompt_2024H1,20260814T015553499023Z_ac0d1b00,AMZN,strategy,annualized_volatility,0.16429260644989097
M1_finmultitime_prompt_2024H1,20260814T015553499023Z_ac0d1b00,AMZN,strategy,sharpe_ratio,0.8719635316134495
M1_finmultitime_prompt_2024H1,20260814T015553499023Z_ac0d1b00,AMZN,strategy,sortino_ratio,1.372773654157586
M1_finmultitime_prompt_2024H1,20260814T015553499023Z_ac0d1b00,AMZN,strategy,maximum_drawdown,0.07433993957831553
M1_finmultitime_prompt_2024H1,20260814T015553499023Z_ac0d1b00,AMZN,strategy,calmar_ratio,1.8657358448160453
M1_finmultitime_prompt_2024H1,20260814T015553499023Z_ac0d1b00,AMZN,strategy,turnover,1.0066792327779552
M1_finmultitime_prompt_2024H1,20260814T015553499023Z_ac0d1b00,AMZN,strategy,total_commission_cost,49.97501249375312
M1_finmultitime_prompt_2024H1,20260814T015553499023Z_ac0d1b00,AMZN,strategy,total_slippage_cost,49.95003747501663
M1_finmultitime_prompt_2024H1,20260814T015553499023Z_ac0d1b00,AMZN,strategy,total_transaction_cost,99.92504996876974
M1_finmultitime_prompt_2024H1,20260814T015553499023Z_ac0d1b00,AMZN,strategy,commission_cost_rate,0.0004997501249375312
M1_finmultitime_prompt_2024H1,20260814T015553499023Z_ac0d1b00,AMZN,strategy,slippage_cost_rate,0.0004995003747501663
M1_finmultitime_prompt_2024H1,20260814T015553499023Z_ac0d1b00,AMZN,strategy,transaction_cost_rate,0.0009992504996876974
M1_finmultitime_prompt_2024H1,20260814T015553499023Z_ac0d1b00,AMZN,strategy,trade_count,1.0
M1_finmultitime_prompt_2024H1,20260814T015553499023Z_ac0d1b00,AMZN,strategy,average_exposure,0.456
M1_finmultitime_prompt_2024H1,20260814T015553499023Z_ac0d1b00,AMZN,strategy,time_in_market,0.456
M1_finmultitime_prompt_2024H1,20260814T015553499023Z_ac0d1b00,AMZN,strategy,decision_count,26.0
M1_finmultitime_prompt_2024H1,20260814T015553499023Z_ac0d1b00,AMZN,strategy,decision_failure_count,0.0
M1_finmultitime_prompt_2024H1,20260814T015553499023Z_ac0d1b00,AMZN,strategy,decision_failure_rate,0.0
M1_finmultitime_prompt_2024H1,20260814T015553499023Z_ac0d1b00,AMZN,strategy,cumulative_dividends,0.0
M1_finmultitime_prompt_2024H1,20260814T015553499023Z_ac0d1b00,AMZN,strategy,buy_decision_count,4.0
M1_finmultitime_prompt_2024H1,20260814T015553499023Z_ac0d1b00,AMZN,strategy,hold_decision_count,22.0
M1_finmultitime_prompt_2024H1,20260814T015553499023Z_ac0d1b00,AMZN,strategy,sell_decision_count,0.0
M1_finmultitime_prompt_2024H1,20260814T015553499023Z_ac0d1b00,AMZN,strategy,noop_rebalance_count,25.0
M1_finmultitime_prompt_2024H1,20260814T015553499023Z_ac0d1b00,AMZN,strategy,filled_order_count,1.0
M1_finmultitime_prompt_2024H1,20260814T015553499023Z_ac0d1b00,AMZN,strategy,rejected_order_count,0.0
M1_finmultitime_prompt_2024H1,20260814T015553499023Z_ac0d1b00,AMZN,strategy,risk_free_rate,0.0
M1_finmultitime_prompt_2024H1,20260814T015553499023Z_ac0d1b00,AMZN,strategy,annualization_factor,252.0
M1_finmultitime_prompt_2024H1,20260814T015553499023Z_ac0d1b00,AMZN,strategy,same_stock_buy_and_hold_cumulative_return,0.3615929018079702
M1_finmultitime_prompt_2024H1,20260814T015553499023Z_ac0d1b00,AMZN,strategy,spy_cumulative_return,0.1900101348956349
M1_finmultitime_prompt_2024H1,20260814T015553499023Z_ac0d1b00,AMZN,strategy,excess_return_vs_same_stock_buy_and_hold,-0.2955940879475756
M1_finmultitime_prompt_2024H1,20260814T015553499023Z_ac0d1b00,AMZN,strategy,excess_return_vs_spy,-0.12401132103524026
M1_finmultitime_prompt_2024H1,20260814T015553499023Z_ac0d1b00,AMZN,same_stock_buy_and_hold,cumulative_return,0.3615929018079702
M1_finmultitime_prompt_2024H1,20260814T015553499023Z_ac0d1b00,AMZN,same_stock_buy_and_hold,annualized_return,0.8724863616212715
M1_finmultitime_prompt_2024H1,20260814T015553499023Z_ac0d1b00,AMZN,same_stock_buy_and_hold,annualized_volatility,0.24672274554633106
M1_finmultitime_prompt_2024H1,20260814T015553499023Z_ac0d1b00,AMZN,same_stock_buy_and_hold,sharpe_ratio,2.6664859598691377
M1_finmultitime_prompt_2024H1,20260814T015553499023Z_ac0d1b00,AMZN,same_stock_buy_and_hold,sortino_ratio,4.857451490870816
M1_finmultitime_prompt_2024H1,20260814T015553499023Z_ac0d1b00,AMZN,same_stock_buy_and_hold,maximum_drawdown,0.08135416370167725
M1_finmultitime_prompt_2024H1,20260814T015553499023Z_ac0d1b00,AMZN,same_stock_buy_and_hold,calmar_ratio,10.724544656628112
M1_finmultitime_prompt_2024H1,20260814T015553499023Z_ac0d1b00,AMZN,same_stock_buy_and_hold,turnover,0.830046977574194
M1_finmultitime_prompt_2024H1,20260814T015553499023Z_ac0d1b00,AMZN,same_stock_buy_and_hold,total_commission_cost,49.97501249375312
M1_finmultitime_prompt_2024H1,20260814T015553499023Z_ac0d1b00,AMZN,same_stock_buy_and_hold,total_slippage_cost,49.95003747500349
M1_finmultitime_prompt_2024H1,20260814T015553499023Z_ac0d1b00,AMZN,same_stock_buy_and_hold,total_transaction_cost,99.92504996875661
M1_finmultitime_prompt_2024H1,20260814T015553499023Z_ac0d1b00,AMZN,same_stock_buy_and_hold,commission_cost_rate,0.0004997501249375312
M1_finmultitime_prompt_2024H1,20260814T015553499023Z_ac0d1b00,AMZN,same_stock_buy_and_hold,slippage_cost_rate,0.0004995003747500349
M1_finmultitime_prompt_2024H1,20260814T015553499023Z_ac0d1b00,AMZN,same_stock_buy_and_hold,transaction_cost_rate,0.0009992504996875662
M1_finmultitime_prompt_2024H1,20260814T015553499023Z_ac0d1b00,AMZN,same_stock_buy_and_hold,trade_count,1.0
M1_finmultitime_prompt_2024H1,20260814T015553499023Z_ac0d1b00,AMZN,same_stock_buy_and_hold,average_exposure,0.992
M1_finmultitime_prompt_2024H1,20260814T015553499023Z_ac0d1b00,AMZN,same_stock_buy_and_hold,time_in_market,0.992
M1_finmultitime_prompt_2024H1,20260814T015553499023Z_ac0d1b00,AMZN,same_stock_buy_and_hold,decision_count,26.0
M1_finmultitime_prompt_2024H1,20260814T015553499023Z_ac0d1b00,AMZN,same_stock_buy_and_hold,decision_failure_count,0.0
M1_finmultitime_prompt_2024H1,20260814T015553499023Z_ac0d1b00,AMZN,same_stock_buy_and_hold,decision_failure_rate,0.0
M1_finmultitime_prompt_2024H1,20260814T015553499023Z_ac0d1b00,AMZN,same_stock_buy_and_hold,cumulative_dividends,0.0
M1_finmultitime_prompt_2024H1,20260814T015553499023Z_ac0d1b00,AMZN,same_stock_buy_and_hold,buy_decision_count,1.0
M1_finmultitime_prompt_2024H1,20260814T015553499023Z_ac0d1b00,AMZN,same_stock_buy_and_hold,hold_decision_count,25.0
M1_finmultitime_prompt_2024H1,20260814T015553499023Z_ac0d1b00,AMZN,same_stock_buy_and_hold,sell_decision_count,0.0
M1_finmultitime_prompt_2024H1,20260814T015553499023Z_ac0d1b00,AMZN,same_stock_buy_and_hold,noop_rebalance_count,25.0
M1_finmultitime_prompt_2024H1,20260814T015553499023Z_ac0d1b00,AMZN,same_stock_buy_and_hold,filled_order_count,1.0
M1_finmultitime_prompt_2024H1,20260814T015553499023Z_ac0d1b00,AMZN,same_stock_buy_and_hold,rejected_order_count,0.0
M1_finmultitime_prompt_2024H1,20260814T015553499023Z_ac0d1b00,AMZN,same_stock_buy_and_hold,risk_free_rate,0.0
M1_finmultitime_prompt_2024H1,20260814T015553499023Z_ac0d1b00,AMZN,same_stock_buy_and_hold,annualization_factor,252.0
M1_finmultitime_prompt_2024H1,20260814T015553499023Z_ac0d1b00,JPM,strategy,cumulative_return,0.13499257510856055
M1_finmultitime_prompt_2024H1,20260814T015553499023Z_ac0d1b00,JPM,strategy,annualized_return,0.2934808678141554
M1_finmultitime_prompt_2024H1,20260814T015553499023Z_ac0d1b00,JPM,strategy,annualized_volatility,0.08090008797385762
M1_finmultitime_prompt_2024H1,20260814T015553499023Z_ac0d1b00,JPM,strategy,sharpe_ratio,3.222518237398254
M1_finmultitime_prompt_2024H1,20260814T015553499023Z_ac0d1b00,JPM,strategy,sortino_ratio,6.214018484212176
M1_finmultitime_prompt_2024H1,20260814T015553499023Z_ac0d1b00,JPM,strategy,maximum_drawdown,0.02130006204722279
M1_finmultitime_prompt_2024H1,20260814T015553499023Z_ac0d1b00,JPM,strategy,calmar_ratio,13.778404361616445
M1_finmultitime_prompt_2024H1,20260814T015553499023Z_ac0d1b00,JPM,strategy,turnover,1.9501251213007056
M1_finmultitime_prompt_2024H1,20260814T015553499023Z_ac0d1b00,JPM,strategy,total_commission_cost,106.42420957417373
M1_finmultitime_prompt_2024H1,20260814T015553499023Z_ac0d1b00,JPM,strategy,total_slippage_cost,106.42747327331615
M1_finmultitime_prompt_2024H1,20260814T015553499023Z_ac0d1b00,JPM,strategy,total_transaction_cost,212.85168284748988
M1_finmultitime_prompt_2024H1,20260814T015553499023Z_ac0d1b00,JPM,strategy,commission_cost_rate,0.0010642420957417372
M1_finmultitime_prompt_2024H1,20260814T015553499023Z_ac0d1b00,JPM,strategy,slippage_cost_rate,0.0010642747327331615
M1_finmultitime_prompt_2024H1,20260814T015553499023Z_ac0d1b00,JPM,strategy,transaction_cost_rate,0.002128516828474899
M1_finmultitime_prompt_2024H1,20260814T015553499023Z_ac0d1b00,JPM,strategy,trade_count,2.0
M1_finmultitime_prompt_2024H1,20260814T015553499023Z_ac0d1b00,JPM,strategy,average_exposure,0.303906927760459
M1_finmultitime_prompt_2024H1,20260814T015553499023Z_ac0d1b00,JPM,strategy,time_in_market,0.304
M1_finmultitime_prompt_2024H1,20260814T015553499023Z_ac0d1b00,JPM,strategy,decision_count,26.0
M1_finmultitime_prompt_2024H1,20260814T015553499023Z_ac0d1b00,JPM,strategy,decision_failure_count,0.0
M1_finmultitime_prompt_2024H1,20260814T015553499023Z_ac0d1b00,JPM,strategy,decision_failure_rate,0.0
M1_finmultitime_prompt_2024H1,20260814T015553499023Z_ac0d1b00,JPM,strategy,cumulative_dividends,657.3125470952682
M1_finmultitime_prompt_2024H1,20260814T015553499023Z_ac0d1b00,JPM,strategy,buy_decision_count,2.0
M1_finmultitime_prompt_2024H1,20260814T015553499023Z_ac0d1b00,JPM,strategy,hold_decision_count,22.0
M1_finmultitime_prompt_2024H1,20260814T015553499023Z_ac0d1b00,JPM,strategy,sell_decision_count,2.0
M1_finmultitime_prompt_2024H1,20260814T015553499023Z_ac0d1b00,JPM,strategy,noop_rebalance_count,24.0
M1_finmultitime_prompt_2024H1,20260814T015553499023Z_ac0d1b00,JPM,strategy,filled_order_count,2.0
M1_finmultitime_prompt_2024H1,20260814T015553499023Z_ac0d1b00,JPM,strategy,rejected_order_count,0.0
M1_finmultitime_prompt_2024H1,20260814T015553499023Z_ac0d1b00,JPM,strategy,risk_free_rate,0.0
M1_finmultitime_prompt_2024H1,20260814T015553499023Z_ac0d1b00,JPM,strategy,annualization_factor,252.0
M1_finmultitime_prompt_2024H1,20260814T015553499023Z_ac0d1b00,JPM,strategy,same_stock_buy_and_hold_cumulative_return,0.2026686045183097
M1_finmultitime_prompt_2024H1,20260814T015553499023Z_ac0d1b00,JPM,strategy,spy_cumulative_return,0.1900101348956349
M1_finmultitime_prompt_2024H1,20260814T015553499023Z_ac0d1b00,JPM,strategy,excess_return_vs_same_stock_buy_and_hold,-0.06767602940974915
M1_finmultitime_prompt_2024H1,20260814T015553499023Z_ac0d1b00,JPM,strategy,excess_return_vs_spy,-0.055017559787074344
M1_finmultitime_prompt_2024H1,20260814T015553499023Z_ac0d1b00,JPM,same_stock_buy_and_hold,cumulative_return,0.2026686045183097
M1_finmultitime_prompt_2024H1,20260814T015553499023Z_ac0d1b00,JPM,same_stock_buy_and_hold,annualized_return,0.4550479380999133
M1_finmultitime_prompt_2024H1,20260814T015553499023Z_ac0d1b00,JPM,same_stock_buy_and_hold,annualized_volatility,0.18966207717853176
M1_finmultitime_prompt_2024H1,20260814T015553499023Z_ac0d1b00,JPM,same_stock_buy_and_hold,sharpe_ratio,2.0741142794864187
M1_finmultitime_prompt_2024H1,20260814T015553499023Z_ac0d1b00,JPM,same_stock_buy_and_hold,sortino_ratio,2.8376572709257397
M1_finmultitime_prompt_2024H1,20260814T015553499023Z_ac0d1b00,JPM,same_stock_buy_and_hold,maximum_drawdown,0.09520719423293911
M1_finmultitime_prompt_2024H1,20260814T015553499023Z_ac0d1b00,JPM,same_stock_buy_and_hold,calmar_ratio,4.77955412682962
M1_finmultitime_prompt_2024H1,20260814T015553499023Z_ac0d1b00,JPM,same_stock_buy_and_hold,turnover,0.9073002361186133
M1_finmultitime_prompt_2024H1,20260814T015553499023Z_ac0d1b00,JPM,same_stock_buy_and_hold,total_commission_cost,49.97501249375312
M1_finmultitime_prompt_2024H1,20260814T015553499023Z_ac0d1b00,JPM,same_stock_buy_and_hold,total_slippage_cost,49.95003747501825
M1_finmultitime_prompt_2024H1,20260814T015553499023Z_ac0d1b00,JPM,same_stock_buy_and_hold,total_transaction_cost,99.92504996877136
M1_finmultitime_prompt_2024H1,20260814T015553499023Z_ac0d1b00,JPM,same_stock_buy_and_hold,commission_cost_rate,0.0004997501249375312
M1_finmultitime_prompt_2024H1,20260814T015553499023Z_ac0d1b00,JPM,same_stock_buy_and_hold,slippage_cost_rate,0.0004995003747501824
M1_finmultitime_prompt_2024H1,20260814T015553499023Z_ac0d1b00,JPM,same_stock_buy_and_hold,transaction_cost_rate,0.0009992504996877137
M1_finmultitime_prompt_2024H1,20260814T015553499023Z_ac0d1b00,JPM,same_stock_buy_and_hold,trade_count,1.0
M1_finmultitime_prompt_2024H1,20260814T015553499023Z_ac0d1b00,JPM,same_stock_buy_and_hold,average_exposure,0.98896736746142
M1_finmultitime_prompt_2024H1,20260814T015553499023Z_ac0d1b00,JPM,same_stock_buy_and_hold,time_in_market,0.992
M1_finmultitime_prompt_2024H1,20260814T015553499023Z_ac0d1b00,JPM,same_stock_buy_and_hold,decision_count,26.0
M1_finmultitime_prompt_2024H1,20260814T015553499023Z_ac0d1b00,JPM,same_stock_buy_and_hold,decision_failure_count,0.0
M1_finmultitime_prompt_2024H1,20260814T015553499023Z_ac0d1b00,JPM,same_stock_buy_and_hold,decision_failure_rate,0.0
M1_finmultitime_prompt_2024H1,20260814T015553499023Z_ac0d1b00,JPM,same_stock_buy_and_hold,cumulative_dividends,1335.7177458521421
M1_finmultitime_prompt_2024H1,20260814T015553499023Z_ac0d1b00,JPM,same_stock_buy_and_hold,buy_decision_count,1.0
M1_finmultitime_prompt_2024H1,20260814T015553499023Z_ac0d1b00,JPM,same_stock_buy_and_hold,hold_decision_count,25.0
M1_finmultitime_prompt_2024H1,20260814T015553499023Z_ac0d1b00,JPM,same_stock_buy_and_hold,sell_decision_count,0.0
M1_finmultitime_prompt_2024H1,20260814T015553499023Z_ac0d1b00,JPM,same_stock_buy_and_hold,noop_rebalance_count,25.0
M1_finmultitime_prompt_2024H1,20260814T015553499023Z_ac0d1b00,JPM,same_stock_buy_and_hold,filled_order_count,1.0
M1_finmultitime_prompt_2024H1,20260814T015553499023Z_ac0d1b00,JPM,same_stock_buy_and_hold,rejected_order_count,0.0
M1_finmultitime_prompt_2024H1,20260814T015553499023Z_ac0d1b00,JPM,same_stock_buy_and_hold,risk_free_rate,0.0
M1_finmultitime_prompt_2024H1,20260814T015553499023Z_ac0d1b00,JPM,same_stock_buy_and_hold,annualization_factor,252.0
M1_finmultitime_prompt_2024H1,20260814T015553499023Z_ac0d1b00,SPY,SPY,cumulative_return,0.1900101348956349
M1_finmultitime_prompt_2024H1,20260814T015553499023Z_ac0d1b00,SPY,SPY,annualized_return,0.4240932841095133
M1_finmultitime_prompt_2024H1,20260814T015553499023Z_ac0d1b00,SPY,SPY,annualized_volatility,0.10536971485879763
M1_finmultitime_prompt_2024H1,20260814T015553499023Z_ac0d1b00,SPY,SPY,sharpe_ratio,3.409774618680459
M1_finmultitime_prompt_2024H1,20260814T015553499023Z_ac0d1b00,SPY,SPY,sortino_ratio,5.6112885827799
M1_finmultitime_prompt_2024H1,20260814T015553499023Z_ac0d1b00,SPY,SPY,maximum_drawdown,0.05337623529148017
M1_finmultitime_prompt_2024H1,20260814T015553499023Z_ac0d1b00,SPY,SPY,calmar_ratio,7.945357738206884
M1_finmultitime_prompt_2024H1,20260814T015553499023Z_ac0d1b00,SPY,SPY,turnover,0.9114331616244024
M1_finmultitime_prompt_2024H1,20260814T015553499023Z_ac0d1b00,SPY,SPY,total_commission_cost,49.97501249375313
M1_finmultitime_prompt_2024H1,20260814T015553499023Z_ac0d1b00,SPY,SPY,total_slippage_cost,49.950037475010596
M1_finmultitime_prompt_2024H1,20260814T015553499023Z_ac0d1b00,SPY,SPY,total_transaction_cost,99.92504996876372
M1_finmultitime_prompt_2024H1,20260814T015553499023Z_ac0d1b00,SPY,SPY,commission_cost_rate,0.0004997501249375312
M1_finmultitime_prompt_2024H1,20260814T015553499023Z_ac0d1b00,SPY,SPY,slippage_cost_rate,0.000499500374750106
M1_finmultitime_prompt_2024H1,20260814T015553499023Z_ac0d1b00,SPY,SPY,transaction_cost_rate,0.0009992504996876371
M1_finmultitime_prompt_2024H1,20260814T015553499023Z_ac0d1b00,SPY,SPY,trade_count,1.0
M1_finmultitime_prompt_2024H1,20260814T015553499023Z_ac0d1b00,SPY,SPY,average_exposure,0.9898747732772204
M1_finmultitime_prompt_2024H1,20260814T015553499023Z_ac0d1b00,SPY,SPY,time_in_market,0.992
M1_finmultitime_prompt_2024H1,20260814T015553499023Z_ac0d1b00,SPY,SPY,decision_count,26.0
M1_finmultitime_prompt_2024H1,20260814T015553499023Z_ac0d1b00,SPY,SPY,decision_failure_count,0.0
M1_finmultitime_prompt_2024H1,20260814T015553499023Z_ac0d1b00,SPY,SPY,decision_failure_rate,0.0
M1_finmultitime_prompt_2024H1,20260814T015553499023Z_ac0d1b00,SPY,SPY,cumulative_dividends,715.2933343382066
M1_finmultitime_prompt_2024H1,20260814T015553499023Z_ac0d1b00,SPY,SPY,buy_decision_count,1.0
M1_finmultitime_prompt_2024H1,20260814T015553499023Z_ac0d1b00,SPY,SPY,hold_decision_count,25.0
M1_finmultitime_prompt_2024H1,20260814T015553499023Z_ac0d1b00,SPY,SPY,sell_decision_count,0.0
M1_finmultitime_prompt_2024H1,20260814T015553499023Z_ac0d1b00,SPY,SPY,noop_rebalance_count,25.0
M1_finmultitime_prompt_2024H1,20260814T015553499023Z_ac0d1b00,SPY,SPY,filled_order_count,1.0
M1_finmultitime_prompt_2024H1,20260814T015553499023Z_ac0d1b00,SPY,SPY,rejected_order_count,0.0
M1_finmultitime_prompt_2024H1,20260814T015553499023Z_ac0d1b00,SPY,SPY,risk_free_rate,0.0
M1_finmultitime_prompt_2024H1,20260814T015553499023Z_ac0d1b00,SPY,SPY,annualization_factor,252.0
M1_finmultitime_prompt_2024H1,20260814T015553499023Z_ac0d1b00,ALL,equal_weight_strategy,cumulative_return,0.16394735653904102
M1_finmultitime_prompt_2024H1,20260814T015553499023Z_ac0d1b00,ALL,equal_weight_strategy,annualized_return,0.3614244895920886
M1_finmultitime_prompt_2024H1,20260814T015553499023Z_ac0d1b00,ALL,equal_weight_strategy,annualized_volatility,0.09389212570791425
M1_finmultitime_prompt_2024H1,20260814T015553499023Z_ac0d1b00,ALL,equal_weight_strategy,sharpe_ratio,3.3343894210747673
M1_finmultitime_prompt_2024H1,20260814T015553499023Z_ac0d1b00,ALL,equal_weight_strategy,sortino_ratio,6.29394578780447
M1_finmultitime_prompt_2024H1,20260814T015553499023Z_ac0d1b00,ALL,equal_weight_strategy,maximum_drawdown,0.04423596386399875
M1_finmultitime_prompt_2024H1,20260814T015553499023Z_ac0d1b00,ALL,equal_weight_strategy,calmar_ratio,8.170376725672126
M1_finmultitime_prompt_2024H1,20260814T015553499023Z_ac0d1b00,ALL,equal_weight_strategy,turnover,1.3200121394086388
M1_finmultitime_prompt_2024H1,20260814T015553499023Z_ac0d1b00,ALL,equal_weight_strategy,total_commission_cost,206.37423456167997
M1_finmultitime_prompt_2024H1,20260814T015553499023Z_ac0d1b00,ALL,equal_weight_strategy,total_slippage_cost,206.32754822334675
M1_finmultitime_prompt_2024H1,20260814T015553499023Z_ac0d1b00,ALL,equal_weight_strategy,total_transaction_cost,412.7017827850267
M1_finmultitime_prompt_2024H1,20260814T015553499023Z_ac0d1b00,ALL,equal_weight_strategy,commission_cost_rate,0.0006879141152055999
M1_finmultitime_prompt_2024H1,20260814T015553499023Z_ac0d1b00,ALL,equal_weight_strategy,slippage_cost_rate,0.0006877584940778225
M1_finmultitime_prompt_2024H1,20260814T015553499023Z_ac0d1b00,ALL,equal_weight_strategy,transaction_cost_rate,0.0013756726092834224
M1_finmultitime_prompt_2024H1,20260814T015553499023Z_ac0d1b00,ALL,equal_weight_strategy,trade_count,4.0
M1_finmultitime_prompt_2024H1,20260814T015553499023Z_ac0d1b00,ALL,equal_weight_strategy,average_exposure,0.4051760968310578
M1_finmultitime_prompt_2024H1,20260814T015553499023Z_ac0d1b00,ALL,equal_weight_strategy,time_in_market,0.4053333333333333
M1_finmultitime_prompt_2024H1,20260814T015553499023Z_ac0d1b00,ALL,equal_weight_strategy,decision_count,78.0
M1_finmultitime_prompt_2024H1,20260814T015553499023Z_ac0d1b00,ALL,equal_weight_strategy,decision_failure_count,0.0
M1_finmultitime_prompt_2024H1,20260814T015553499023Z_ac0d1b00,ALL,equal_weight_strategy,decision_failure_rate,0.0
M1_finmultitime_prompt_2024H1,20260814T015553499023Z_ac0d1b00,ALL,equal_weight_strategy,cumulative_dividends,799.7339582041583
M1_finmultitime_prompt_2024H1,20260814T015553499023Z_ac0d1b00,ALL,equal_weight_strategy,buy_decision_count,8.0
M1_finmultitime_prompt_2024H1,20260814T015553499023Z_ac0d1b00,ALL,equal_weight_strategy,hold_decision_count,65.0
M1_finmultitime_prompt_2024H1,20260814T015553499023Z_ac0d1b00,ALL,equal_weight_strategy,sell_decision_count,5.0
M1_finmultitime_prompt_2024H1,20260814T015553499023Z_ac0d1b00,ALL,equal_weight_strategy,noop_rebalance_count,74.0
M1_finmultitime_prompt_2024H1,20260814T015553499023Z_ac0d1b00,ALL,equal_weight_strategy,filled_order_count,4.0
M1_finmultitime_prompt_2024H1,20260814T015553499023Z_ac0d1b00,ALL,equal_weight_strategy,rejected_order_count,0.0
M1_finmultitime_prompt_2024H1,20260814T015553499023Z_ac0d1b00,ALL,equal_weight_strategy,risk_free_rate,0.0
M1_finmultitime_prompt_2024H1,20260814T015553499023Z_ac0d1b00,ALL,equal_weight_strategy,annualization_factor,252.0
