experiment_id,run_id,symbol,decision_session,source_name,capability,status,requested_start,requested_end,latest_event_time,latest_available_time,reason
M1_pilot_aapl_2023q4_4w_v1,20260813T233409151461Z_2e842979,AAPL,2023-10-06,stocktwits,LIVE_ONLY,blocked,,2023-10-06T20:00:00+00:00,,,StockTwits live stream disabled in historical mode.
M1_pilot_aapl_2023q4_4w_v1,20260813T233409151461Z_2e842979,AAPL,2023-10-06,reddit,LIVE_ONLY,blocked,,2023-10-06T20:00:00+00:00,,,Reddit live search disabled in historical mode.
M1_pilot_aapl_2023q4_4w_v1,20260813T233409151461Z_2e842979,AAPL,2023-10-06,polymarket,LIVE_ONLY,blocked,,2023-10-06T20:00:00+00:00,,,Polymarket current market snapshot disabled in historical mode.
M1_pilot_aapl_2023q4_4w_v1,20260813T233409151461Z_2e842979,AAPL,2023-10-06,fred,LIVE_ONLY,blocked,,2023-10-06T20:00:00+00:00,,,FRED current revisions lack an as-of vintage.
M1_pilot_aapl_2023q4_4w_v1,20260813T233409151461Z_2e842979,AAPL,2023-10-06,yfinance.ticker_info,LIVE_ONLY,blocked,,2023-10-06T20:00:00+00:00,,,Ticker.info is a current snapshot.
M1_pilot_aapl_2023q4_4w_v1,20260813T233409151461Z_2e842979,AAPL,2023-10-06,yfinance.financial_statements,LIVE_ONLY,blocked,,2023-10-06T20:00:00+00:00,,,No filing/publication timestamp is available.
M1_pilot_aapl_2023q4_4w_v1,20260813T233409151461Z_2e842979,AAPL,2023-10-06,yfinance.insider_transactions,LIVE_ONLY,blocked,,2023-10-06T20:00:00+00:00,,,No verifiable public filing timestamp is available.
M1_pilot_aapl_2023q4_4w_v1,20260813T233409151461Z_2e842979,AAPL,2023-10-06,decision_memory,POINT_IN_TIME,unavailable,,2023-10-06T20:00:00+00:00,,,0 pending entries inspected; historical entries are isolated and outcomes require a complete trading-day holding horizon.
M1_pilot_aapl_2023q4_4w_v1,20260813T233409151461Z_2e842979,AAPL,2023-10-06,yfinance.ticker_info.identity,LIVE_ONLY,blocked,,,,,Ticker.info is LIVE_ONLY and cannot prove historical company metadata availability.
M1_pilot_aapl_2023q4_4w_v1,20260813T233409151461Z_2e842979,AAPL,2023-10-06,finmultitime.frozen_evidence_packet,POINT_IN_TIME,used,2023-10-06,2023-10-06,,,exact frozen routed projection delivered to analyst-local prompt
M1_pilot_aapl_2023q4_4w_v1,20260813T233409151461Z_2e842979,AAPL,2023-10-06,yfinance.get_stock_data,POINT_IN_TIME,used,2023-06-01,2023-10-06,,,
M1_pilot_aapl_2023q4_4w_v1,20260813T233409151461Z_2e842979,AAPL,2023-10-06,yfinance.ohlcv_cache,POINT_IN_TIME,used,,2023-10-06,2023-10-06T00:00:00+00:00,2023-10-06T00:00:00+00:00,Rows were filtered to historical_as_of before indicator calculation.
M1_pilot_aapl_2023q4_4w_v1,20260813T233409151461Z_2e842979,AAPL,2023-10-06,finmultitime.frozen_evidence_packet,POINT_IN_TIME,used,2023-10-06,2023-10-06,,,exact frozen routed projection delivered to analyst-local prompt
M1_pilot_aapl_2023q4_4w_v1,20260813T233409151461Z_2e842979,AAPL,2023-10-06,yfinance.ohlcv_cache,POINT_IN_TIME,used,,2023-10-06,2023-10-06T00:00:00+00:00,2023-10-06T00:00:00+00:00,Rows were filtered to historical_as_of before indicator calculation.
M1_pilot_aapl_2023q4_4w_v1,20260813T233409151461Z_2e842979,AAPL,2023-10-06,yfinance.ohlcv_cache,POINT_IN_TIME,used,,2023-10-06,2023-10-06T00:00:00+00:00,2023-10-06T00:00:00+00:00,Rows were filtered to historical_as_of before indicator calculation.
M1_pilot_aapl_2023q4_4w_v1,20260813T233409151461Z_2e842979,AAPL,2023-10-06,yfinance.ohlcv_cache,POINT_IN_TIME,used,,2023-10-06,2023-10-06T00:00:00+00:00,2023-10-06T00:00:00+00:00,Rows were filtered to historical_as_of before indicator calculation.
M1_pilot_aapl_2023q4_4w_v1,20260813T233409151461Z_2e842979,AAPL,2023-10-06,yfinance.ohlcv_cache,POINT_IN_TIME,used,,2023-10-06,2023-10-06T00:00:00+00:00,2023-10-06T00:00:00+00:00,Rows were filtered to historical_as_of before indicator calculation.
M1_pilot_aapl_2023q4_4w_v1,20260813T233409151461Z_2e842979,AAPL,2023-10-06,yfinance.get_indicators,POINT_IN_TIME,used,2023-10-06,2023-10-06,,,
M1_pilot_aapl_2023q4_4w_v1,20260813T233409151461Z_2e842979,AAPL,2023-10-06,yfinance.get_indicators,POINT_IN_TIME,used,2023-10-06,2023-10-06,,,
M1_pilot_aapl_2023q4_4w_v1,20260813T233409151461Z_2e842979,AAPL,2023-10-06,yfinance.ohlcv_cache,POINT_IN_TIME,used,,2023-10-06,2023-10-06T00:00:00+00:00,2023-10-06T00:00:00+00:00,Rows were filtered to historical_as_of before indicator calculation.
M1_pilot_aapl_2023q4_4w_v1,20260813T233409151461Z_2e842979,AAPL,2023-10-06,yfinance.ohlcv_cache,POINT_IN_TIME,used,,2023-10-06,2023-10-06T00:00:00+00:00,2023-10-06T00:00:00+00:00,Rows were filtered to historical_as_of before indicator calculation.
M1_pilot_aapl_2023q4_4w_v1,20260813T233409151461Z_2e842979,AAPL,2023-10-06,yfinance.ohlcv_cache,POINT_IN_TIME,used,,2023-10-06,2023-10-06T00:00:00+00:00,2023-10-06T00:00:00+00:00,Rows were filtered to historical_as_of before indicator calculation.
M1_pilot_aapl_2023q4_4w_v1,20260813T233409151461Z_2e842979,AAPL,2023-10-06,yfinance.ohlcv_cache,POINT_IN_TIME,used,,2023-10-06,2023-10-06T00:00:00+00:00,2023-10-06T00:00:00+00:00,Rows were filtered to historical_as_of before indicator calculation.
M1_pilot_aapl_2023q4_4w_v1,20260813T233409151461Z_2e842979,AAPL,2023-10-06,yfinance.get_indicators,POINT_IN_TIME,used,2023-10-06,2023-10-06,,,
M1_pilot_aapl_2023q4_4w_v1,20260813T233409151461Z_2e842979,AAPL,2023-10-06,yfinance.ohlcv_cache,POINT_IN_TIME,used,,2023-10-06,2023-10-06T00:00:00+00:00,2023-10-06T00:00:00+00:00,Rows were filtered to historical_as_of before indicator calculation.
M1_pilot_aapl_2023q4_4w_v1,20260813T233409151461Z_2e842979,AAPL,2023-10-06,yfinance.ohlcv_cache,POINT_IN_TIME,used,,2023-10-06,2023-10-06T00:00:00+00:00,2023-10-06T00:00:00+00:00,Rows were filtered to historical_as_of before indicator calculation.
M1_pilot_aapl_2023q4_4w_v1,20260813T233409151461Z_2e842979,AAPL,2023-10-06,yfinance.get_indicators,POINT_IN_TIME,used,2023-10-06,2023-10-06,,,
M1_pilot_aapl_2023q4_4w_v1,20260813T233409151461Z_2e842979,AAPL,2023-10-06,yfinance.ohlcv_cache,POINT_IN_TIME,used,,2023-10-06,2023-10-06T00:00:00+00:00,2023-10-06T00:00:00+00:00,Rows were filtered to historical_as_of before indicator calculation.
M1_pilot_aapl_2023q4_4w_v1,20260813T233409151461Z_2e842979,AAPL,2023-10-06,yfinance.get_indicators,POINT_IN_TIME,used,2023-10-06,2023-10-06,,,
M1_pilot_aapl_2023q4_4w_v1,20260813T233409151461Z_2e842979,AAPL,2023-10-06,yfinance.get_indicators,POINT_IN_TIME,used,2023-10-06,2023-10-06,,,
M1_pilot_aapl_2023q4_4w_v1,20260813T233409151461Z_2e842979,AAPL,2023-10-06,yfinance.get_indicators,POINT_IN_TIME,used,2023-10-06,2023-10-06,,,
M1_pilot_aapl_2023q4_4w_v1,20260813T233409151461Z_2e842979,AAPL,2023-10-06,yfinance.get_indicators,POINT_IN_TIME,used,2023-10-06,2023-10-06,,,
M1_pilot_aapl_2023q4_4w_v1,20260813T233409151461Z_2e842979,AAPL,2023-10-06,yfinance.get_indicators,POINT_IN_TIME,used,2023-10-06,2023-10-06,,,
M1_pilot_aapl_2023q4_4w_v1,20260813T233409151461Z_2e842979,AAPL,2023-10-06,yfinance.get_indicators,POINT_IN_TIME,used,2023-10-06,2023-10-06,,,
M1_pilot_aapl_2023q4_4w_v1,20260813T233409151461Z_2e842979,AAPL,2023-10-06,yfinance.get_indicators,POINT_IN_TIME,used,2023-10-06,2023-10-06,,,
M1_pilot_aapl_2023q4_4w_v1,20260813T233409151461Z_2e842979,AAPL,2023-10-06,finmultitime.frozen_evidence_packet,POINT_IN_TIME,used,2023-10-06,2023-10-06,,,exact frozen routed projection delivered to analyst-local prompt
M1_pilot_aapl_2023q4_4w_v1,20260813T233409151461Z_2e842979,AAPL,2023-10-06,yfinance.get_news,APPROXIMATE,unavailable,2023-09-29,2023-10-06,,,No timestamped Yahoo Finance articles remained after the strict historical window/as_of filter; archive completeness is not guaranteed.
M1_pilot_aapl_2023q4_4w_v1,20260813T233409151461Z_2e842979,AAPL,2023-10-06,yfinance.get_news,APPROXIMATE,unavailable,2023-09-29,2023-10-06,,,Yahoo Finance news is an incomplete archive for requested window 2023-09-29 to 2023-10-06; No timestamped Yahoo Finance articles remained after the strict historical window/as_of filter; archive completeness is not guaranteed.
M1_pilot_aapl_2023q4_4w_v1,20260813T233409151461Z_2e842979,AAPL,2023-10-06,stocktwits,LIVE_ONLY,blocked,,,,,StockTwits is a live-only source and was disabled for historical analysis.
M1_pilot_aapl_2023q4_4w_v1,20260813T233409151461Z_2e842979,AAPL,2023-10-06,reddit,LIVE_ONLY,blocked,,,,,Reddit is a live-only source and was disabled for historical analysis.
M1_pilot_aapl_2023q4_4w_v1,20260813T233409151461Z_2e842979,AAPL,2023-10-06,finmultitime.frozen_evidence_packet,POINT_IN_TIME,used,2023-10-06,2023-10-06,,,exact frozen routed projection delivered to analyst-local prompt
M1_pilot_aapl_2023q4_4w_v1,20260813T233409151461Z_2e842979,AAPL,2023-10-06,fred.get_macro_indicators,LIVE_ONLY,blocked,2023-10-06,2023-10-06,,,fred is a LIVE_ONLY source and was disabled before its network request; historical publication availability cannot be proven.
M1_pilot_aapl_2023q4_4w_v1,20260813T233409151461Z_2e842979,AAPL,2023-10-06,fred.get_macro_indicators,LIVE_ONLY,blocked,2023-10-06,2023-10-06,,,fred is a LIVE_ONLY source and was disabled before its network request; historical publication availability cannot be proven.
M1_pilot_aapl_2023q4_4w_v1,20260813T233409151461Z_2e842979,AAPL,2023-10-06,fred.get_macro_indicators,LIVE_ONLY,blocked,2023-10-06,2023-10-06,,,fred is a LIVE_ONLY source and was disabled before its network request; historical publication availability cannot be proven.
M1_pilot_aapl_2023q4_4w_v1,20260813T233409151461Z_2e842979,AAPL,2023-10-06,fred.get_macro_indicators,LIVE_ONLY,blocked,2023-10-06,2023-10-06,,,fred is a LIVE_ONLY source and was disabled before its network request; historical publication availability cannot be proven.
M1_pilot_aapl_2023q4_4w_v1,20260813T233409151461Z_2e842979,AAPL,2023-10-06,polymarket.get_prediction_markets,LIVE_ONLY,blocked,,,,,polymarket is a LIVE_ONLY source and was disabled before its network request; historical publication availability cannot be proven.
M1_pilot_aapl_2023q4_4w_v1,20260813T233409151461Z_2e842979,AAPL,2023-10-06,polymarket.get_prediction_markets,LIVE_ONLY,blocked,,,,,polymarket is a LIVE_ONLY source and was disabled before its network request; historical publication availability cannot be proven.
M1_pilot_aapl_2023q4_4w_v1,20260813T233409151461Z_2e842979,AAPL,2023-10-06,yfinance.get_news,APPROXIMATE,unavailable,2023-09-29,2023-10-06,,,No timestamped Yahoo Finance articles remained after the strict historical window/as_of filter; archive completeness is not guaranteed.
M1_pilot_aapl_2023q4_4w_v1,20260813T233409151461Z_2e842979,AAPL,2023-10-06,yfinance.get_news,APPROXIMATE,unavailable,2023-09-29,2023-10-06,,,Yahoo Finance news is an incomplete archive for requested window 2023-09-29 to 2023-10-06; No timestamped Yahoo Finance articles remained after the strict historical window/as_of filter; archive completeness is not guaranteed.
M1_pilot_aapl_2023q4_4w_v1,20260813T233409151461Z_2e842979,AAPL,2023-10-06,yfinance.get_global_news,APPROXIMATE,unavailable,2023-09-29,2023-10-06,,,No timestamped Yahoo Finance articles remained after the strict historical window/as_of filter; archive completeness is not guaranteed.
M1_pilot_aapl_2023q4_4w_v1,20260813T233409151461Z_2e842979,AAPL,2023-10-06,yfinance.get_global_news,APPROXIMATE,unavailable,2023-10-06,2023-10-06,,,Yahoo Finance global news was unavailable for requested window 2023-09-29 to 2023-10-06; No timestamped Yahoo Finance articles remained after the strict historical window/as_of filter; archive completeness is not guaranteed.
M1_pilot_aapl_2023q4_4w_v1,20260813T233409151461Z_2e842979,AAPL,2023-10-06,finmultitime.frozen_evidence_packet,POINT_IN_TIME,used,2023-10-06,2023-10-06,,,exact frozen routed projection delivered to analyst-local prompt
M1_pilot_aapl_2023q4_4w_v1,20260813T233409151461Z_2e842979,AAPL,2023-10-06,fred.get_macro_indicators,LIVE_ONLY,blocked,2023-10-06,2023-10-06,,,fred is a LIVE_ONLY source and was disabled before its network request; historical publication availability cannot be proven.
M1_pilot_aapl_2023q4_4w_v1,20260813T233409151461Z_2e842979,AAPL,2023-10-06,polymarket.get_prediction_markets,LIVE_ONLY,blocked,,,,,polymarket is a LIVE_ONLY source and was disabled before its network request; historical publication availability cannot be proven.
M1_pilot_aapl_2023q4_4w_v1,20260813T233409151461Z_2e842979,AAPL,2023-10-06,yfinance.get_news,APPROXIMATE,unavailable,2023-10-01,2023-10-06,,,No timestamped Yahoo Finance articles remained after the strict historical window/as_of filter; archive completeness is not guaranteed.
M1_pilot_aapl_2023q4_4w_v1,20260813T233409151461Z_2e842979,AAPL,2023-10-06,yfinance.get_news,APPROXIMATE,unavailable,2023-10-01,2023-10-06,,,Yahoo Finance news is an incomplete archive for requested window 2023-10-01 to 2023-10-06; No timestamped Yahoo Finance articles remained after the strict historical window/as_of filter; archive completeness is not guaranteed.
M1_pilot_aapl_2023q4_4w_v1,20260813T233409151461Z_2e842979,AAPL,2023-10-06,yfinance.get_global_news,APPROXIMATE,unavailable,2023-10-03,2023-10-06,,,No timestamped Yahoo Finance articles remained after the strict historical window/as_of filter; archive completeness is not guaranteed.
M1_pilot_aapl_2023q4_4w_v1,20260813T233409151461Z_2e842979,AAPL,2023-10-06,yfinance.get_global_news,APPROXIMATE,unavailable,2023-10-06,2023-10-06,,,Yahoo Finance global news was unavailable for requested window 2023-10-03 to 2023-10-06; No timestamped Yahoo Finance articles remained after the strict historical window/as_of filter; archive completeness is not guaranteed.
M1_pilot_aapl_2023q4_4w_v1,20260813T233409151461Z_2e842979,AAPL,2023-10-06,finmultitime.frozen_evidence_packet,POINT_IN_TIME,used,2023-10-06,2023-10-06,,,exact frozen routed projection delivered to analyst-local prompt
M1_pilot_aapl_2023q4_4w_v1,20260813T233409151461Z_2e842979,AAPL,2023-10-06,finmultitime.frozen_evidence_packet,POINT_IN_TIME,used,2023-10-06,2023-10-06,,,exact frozen routed projection delivered to analyst-local prompt
M1_pilot_aapl_2023q4_4w_v1,20260813T233409151461Z_2e842979,AAPL,2023-10-06,yfinance.get_fundamentals,LIVE_ONLY,blocked,2023-10-06,2023-10-06,,,yfinance is a LIVE_ONLY source and was disabled before its network request; historical publication availability cannot be proven.
M1_pilot_aapl_2023q4_4w_v1,20260813T233409151461Z_2e842979,AAPL,2023-10-06,yfinance.get_balance_sheet,LIVE_ONLY,blocked,2023-10-06,2023-10-06,,,yfinance is a LIVE_ONLY source and was disabled before its network request; historical publication availability cannot be proven.
M1_pilot_aapl_2023q4_4w_v1,20260813T233409151461Z_2e842979,AAPL,2023-10-06,yfinance.get_cashflow,LIVE_ONLY,blocked,2023-10-06,2023-10-06,,,yfinance is a LIVE_ONLY source and was disabled before its network request; historical publication availability cannot be proven.
M1_pilot_aapl_2023q4_4w_v1,20260813T233409151461Z_2e842979,AAPL,2023-10-06,yfinance.get_income_statement,LIVE_ONLY,blocked,2023-10-06,2023-10-06,,,yfinance is a LIVE_ONLY source and was disabled before its network request; historical publication availability cannot be proven.
M1_pilot_aapl_2023q4_4w_v1,20260813T233409151461Z_2e842979,AAPL,2023-10-06,finmultitime.frozen_evidence_packet,POINT_IN_TIME,used,2023-10-06,2023-10-06,,,exact frozen routed projection delivered to analyst-local prompt
M1_pilot_aapl_2023q4_4w_v1,20260813T233409151461Z_2e842979,AAPL,2023-10-06,yfinance.get_balance_sheet,LIVE_ONLY,blocked,2023-10-06,2023-10-06,,,yfinance is a LIVE_ONLY source and was disabled before its network request; historical publication availability cannot be proven.
M1_pilot_aapl_2023q4_4w_v1,20260813T233409151461Z_2e842979,AAPL,2023-10-06,yfinance.get_cashflow,LIVE_ONLY,blocked,2023-10-06,2023-10-06,,,yfinance is a LIVE_ONLY source and was disabled before its network request; historical publication availability cannot be proven.
M1_pilot_aapl_2023q4_4w_v1,20260813T233409151461Z_2e842979,AAPL,2023-10-06,yfinance.get_income_statement,LIVE_ONLY,blocked,2023-10-06,2023-10-06,,,yfinance is a LIVE_ONLY source and was disabled before its network request; historical publication availability cannot be proven.
M1_pilot_aapl_2023q4_4w_v1,20260813T233409151461Z_2e842979,AAPL,2023-10-06,finmultitime.frozen_evidence_packet,POINT_IN_TIME,used,2023-10-06,2023-10-06,,,exact frozen routed projection delivered to analyst-local prompt
M1_pilot_aapl_2023q4_4w_v1,20260813T233409151461Z_2e842979,AAPL,2023-10-13,stocktwits,LIVE_ONLY,blocked,,2023-10-13T20:00:00+00:00,,,StockTwits live stream disabled in historical mode.
M1_pilot_aapl_2023q4_4w_v1,20260813T233409151461Z_2e842979,AAPL,2023-10-13,reddit,LIVE_ONLY,blocked,,2023-10-13T20:00:00+00:00,,,Reddit live search disabled in historical mode.
M1_pilot_aapl_2023q4_4w_v1,20260813T233409151461Z_2e842979,AAPL,2023-10-13,polymarket,LIVE_ONLY,blocked,,2023-10-13T20:00:00+00:00,,,Polymarket current market snapshot disabled in historical mode.
M1_pilot_aapl_2023q4_4w_v1,20260813T233409151461Z_2e842979,AAPL,2023-10-13,fred,LIVE_ONLY,blocked,,2023-10-13T20:00:00+00:00,,,FRED current revisions lack an as-of vintage.
M1_pilot_aapl_2023q4_4w_v1,20260813T233409151461Z_2e842979,AAPL,2023-10-13,yfinance.ticker_info,LIVE_ONLY,blocked,,2023-10-13T20:00:00+00:00,,,Ticker.info is a current snapshot.
M1_pilot_aapl_2023q4_4w_v1,20260813T233409151461Z_2e842979,AAPL,2023-10-13,yfinance.financial_statements,LIVE_ONLY,blocked,,2023-10-13T20:00:00+00:00,,,No filing/publication timestamp is available.
M1_pilot_aapl_2023q4_4w_v1,20260813T233409151461Z_2e842979,AAPL,2023-10-13,yfinance.insider_transactions,LIVE_ONLY,blocked,,2023-10-13T20:00:00+00:00,,,No verifiable public filing timestamp is available.
M1_pilot_aapl_2023q4_4w_v1,20260813T233409151461Z_2e842979,AAPL,2023-10-13,decision_memory,POINT_IN_TIME,used,,2023-10-13T20:00:00+00:00,,,1 pending entries inspected; historical entries are isolated and outcomes require a complete trading-day holding horizon.
M1_pilot_aapl_2023q4_4w_v1,20260813T233409151461Z_2e842979,AAPL,2023-10-13,decision_memory.outcome_prices,POINT_IN_TIME,used,2023-10-06,2023-10-13T20:00:00+00:00,2023-10-13,2023-10-13,adjusted-close return used 5 asset trading sessions with matching benchmark observations
M1_pilot_aapl_2023q4_4w_v1,20260813T233409151461Z_2e842979,AAPL,2023-10-13,yfinance.ticker_info.identity,LIVE_ONLY,blocked,,,,,Ticker.info is LIVE_ONLY and cannot prove historical company metadata availability.
M1_pilot_aapl_2023q4_4w_v1,20260813T233409151461Z_2e842979,AAPL,2023-10-13,finmultitime.frozen_evidence_packet,POINT_IN_TIME,used,2023-10-13,2023-10-13,,,exact frozen routed projection delivered to analyst-local prompt
M1_pilot_aapl_2023q4_4w_v1,20260813T233409151461Z_2e842979,AAPL,2023-10-13,yfinance.ohlcv_cache,POINT_IN_TIME,used,,2023-10-13,2023-10-13T00:00:00+00:00,2023-10-13T00:00:00+00:00,Rows were filtered to historical_as_of before indicator calculation.
M1_pilot_aapl_2023q4_4w_v1,20260813T233409151461Z_2e842979,AAPL,2023-10-13,yfinance.get_stock_data,POINT_IN_TIME,used,2023-06-01,2023-10-13,,,
M1_pilot_aapl_2023q4_4w_v1,20260813T233409151461Z_2e842979,AAPL,2023-10-13,finmultitime.frozen_evidence_packet,POINT_IN_TIME,used,2023-10-13,2023-10-13,,,exact frozen routed projection delivered to analyst-local prompt
M1_pilot_aapl_2023q4_4w_v1,20260813T233409151461Z_2e842979,AAPL,2023-10-13,yfinance.ohlcv_cache,POINT_IN_TIME,used,,2023-10-13,2023-10-13T00:00:00+00:00,2023-10-13T00:00:00+00:00,Rows were filtered to historical_as_of before indicator calculation.
M1_pilot_aapl_2023q4_4w_v1,20260813T233409151461Z_2e842979,AAPL,2023-10-13,yfinance.ohlcv_cache,POINT_IN_TIME,used,,2023-10-13,2023-10-13T00:00:00+00:00,2023-10-13T00:00:00+00:00,Rows were filtered to historical_as_of before indicator calculation.
M1_pilot_aapl_2023q4_4w_v1,20260813T233409151461Z_2e842979,AAPL,2023-10-13,yfinance.ohlcv_cache,POINT_IN_TIME,used,,2023-10-13,2023-10-13T00:00:00+00:00,2023-10-13T00:00:00+00:00,Rows were filtered to historical_as_of before indicator calculation.
M1_pilot_aapl_2023q4_4w_v1,20260813T233409151461Z_2e842979,AAPL,2023-10-13,yfinance.get_indicators,POINT_IN_TIME,used,2023-10-13,2023-10-13,,,
M1_pilot_aapl_2023q4_4w_v1,20260813T233409151461Z_2e842979,AAPL,2023-10-13,yfinance.ohlcv_cache,POINT_IN_TIME,used,,2023-10-13,2023-10-13T00:00:00+00:00,2023-10-13T00:00:00+00:00,Rows were filtered to historical_as_of before indicator calculation.
M1_pilot_aapl_2023q4_4w_v1,20260813T233409151461Z_2e842979,AAPL,2023-10-13,yfinance.ohlcv_cache,POINT_IN_TIME,used,,2023-10-13,2023-10-13T00:00:00+00:00,2023-10-13T00:00:00+00:00,Rows were filtered to historical_as_of before indicator calculation.
M1_pilot_aapl_2023q4_4w_v1,20260813T233409151461Z_2e842979,AAPL,2023-10-13,yfinance.get_indicators,POINT_IN_TIME,used,2023-10-13,2023-10-13,,,
M1_pilot_aapl_2023q4_4w_v1,20260813T233409151461Z_2e842979,AAPL,2023-10-13,yfinance.ohlcv_cache,POINT_IN_TIME,used,,2023-10-13,2023-10-13T00:00:00+00:00,2023-10-13T00:00:00+00:00,Rows were filtered to historical_as_of before indicator calculation.
M1_pilot_aapl_2023q4_4w_v1,20260813T233409151461Z_2e842979,AAPL,2023-10-13,yfinance.get_indicators,POINT_IN_TIME,used,2023-10-13,2023-10-13,,,
M1_pilot_aapl_2023q4_4w_v1,20260813T233409151461Z_2e842979,AAPL,2023-10-13,yfinance.get_indicators,POINT_IN_TIME,used,2023-10-13,2023-10-13,,,
M1_pilot_aapl_2023q4_4w_v1,20260813T233409151461Z_2e842979,AAPL,2023-10-13,yfinance.get_indicators,POINT_IN_TIME,used,2023-10-13,2023-10-13,,,
M1_pilot_aapl_2023q4_4w_v1,20260813T233409151461Z_2e842979,AAPL,2023-10-13,yfinance.ohlcv_cache,POINT_IN_TIME,used,,2023-10-13,2023-10-13T00:00:00+00:00,2023-10-13T00:00:00+00:00,Rows were filtered to historical_as_of before indicator calculation.
M1_pilot_aapl_2023q4_4w_v1,20260813T233409151461Z_2e842979,AAPL,2023-10-13,yfinance.get_indicators,POINT_IN_TIME,used,2023-10-13,2023-10-13,,,
M1_pilot_aapl_2023q4_4w_v1,20260813T233409151461Z_2e842979,AAPL,2023-10-13,yfinance.ohlcv_cache,POINT_IN_TIME,used,,2023-10-13,2023-10-13T00:00:00+00:00,2023-10-13T00:00:00+00:00,Rows were filtered to historical_as_of before indicator calculation.
M1_pilot_aapl_2023q4_4w_v1,20260813T233409151461Z_2e842979,AAPL,2023-10-13,yfinance.get_indicators,POINT_IN_TIME,used,2023-10-13,2023-10-13,,,
M1_pilot_aapl_2023q4_4w_v1,20260813T233409151461Z_2e842979,AAPL,2023-10-13,yfinance.get_indicators,POINT_IN_TIME,used,2023-10-13,2023-10-13,,,
M1_pilot_aapl_2023q4_4w_v1,20260813T233409151461Z_2e842979,AAPL,2023-10-13,finmultitime.frozen_evidence_packet,POINT_IN_TIME,used,2023-10-13,2023-10-13,,,exact frozen routed projection delivered to analyst-local prompt
M1_pilot_aapl_2023q4_4w_v1,20260813T233409151461Z_2e842979,AAPL,2023-10-13,yfinance.ohlcv_cache,POINT_IN_TIME,used,,2023-10-13,2023-10-13T00:00:00+00:00,2023-10-13T00:00:00+00:00,Rows were filtered to historical_as_of before indicator calculation.
M1_pilot_aapl_2023q4_4w_v1,20260813T233409151461Z_2e842979,AAPL,2023-10-13,yfinance.ohlcv_cache,POINT_IN_TIME,used,,2023-10-13,2023-10-13T00:00:00+00:00,2023-10-13T00:00:00+00:00,Rows were filtered to historical_as_of before indicator calculation.
M1_pilot_aapl_2023q4_4w_v1,20260813T233409151461Z_2e842979,AAPL,2023-10-13,yfinance.get_indicators,POINT_IN_TIME,used,2023-10-13,2023-10-13,,,
M1_pilot_aapl_2023q4_4w_v1,20260813T233409151461Z_2e842979,AAPL,2023-10-13,yfinance.ohlcv_cache,POINT_IN_TIME,used,,2023-10-13,2023-10-13T00:00:00+00:00,2023-10-13T00:00:00+00:00,Rows were filtered to historical_as_of before indicator calculation.
M1_pilot_aapl_2023q4_4w_v1,20260813T233409151461Z_2e842979,AAPL,2023-10-13,yfinance.get_indicators,POINT_IN_TIME,used,2023-10-13,2023-10-13,,,
M1_pilot_aapl_2023q4_4w_v1,20260813T233409151461Z_2e842979,AAPL,2023-10-13,yfinance.ohlcv_cache,POINT_IN_TIME,used,,2023-10-13,2023-10-13T00:00:00+00:00,2023-10-13T00:00:00+00:00,Rows were filtered to historical_as_of before indicator calculation.
M1_pilot_aapl_2023q4_4w_v1,20260813T233409151461Z_2e842979,AAPL,2023-10-13,yfinance.get_indicators,POINT_IN_TIME,used,2023-10-13,2023-10-13,,,
M1_pilot_aapl_2023q4_4w_v1,20260813T233409151461Z_2e842979,AAPL,2023-10-13,yfinance.get_indicators,POINT_IN_TIME,used,2023-10-13,2023-10-13,,,
M1_pilot_aapl_2023q4_4w_v1,20260813T233409151461Z_2e842979,AAPL,2023-10-13,finmultitime.frozen_evidence_packet,POINT_IN_TIME,used,2023-10-13,2023-10-13,,,exact frozen routed projection delivered to analyst-local prompt
M1_pilot_aapl_2023q4_4w_v1,20260813T233409151461Z_2e842979,AAPL,2023-10-13,yfinance.get_news,APPROXIMATE,unavailable,2023-10-06,2023-10-13,,,No timestamped Yahoo Finance articles remained after the strict historical window/as_of filter; archive completeness is not guaranteed.
M1_pilot_aapl_2023q4_4w_v1,20260813T233409151461Z_2e842979,AAPL,2023-10-13,yfinance.get_news,APPROXIMATE,unavailable,2023-10-06,2023-10-13,,,Yahoo Finance news is an incomplete archive for requested window 2023-10-06 to 2023-10-13; No timestamped Yahoo Finance articles remained after the strict historical window/as_of filter; archive completeness is not guaranteed.
M1_pilot_aapl_2023q4_4w_v1,20260813T233409151461Z_2e842979,AAPL,2023-10-13,stocktwits,LIVE_ONLY,blocked,,,,,StockTwits is a live-only source and was disabled for historical analysis.
M1_pilot_aapl_2023q4_4w_v1,20260813T233409151461Z_2e842979,AAPL,2023-10-13,reddit,LIVE_ONLY,blocked,,,,,Reddit is a live-only source and was disabled for historical analysis.
M1_pilot_aapl_2023q4_4w_v1,20260813T233409151461Z_2e842979,AAPL,2023-10-13,finmultitime.frozen_evidence_packet,POINT_IN_TIME,used,2023-10-13,2023-10-13,,,exact frozen routed projection delivered to analyst-local prompt
M1_pilot_aapl_2023q4_4w_v1,20260813T233409151461Z_2e842979,AAPL,2023-10-13,yfinance.get_global_news,APPROXIMATE,unavailable,2023-10-06,2023-10-13,,,No timestamped Yahoo Finance articles remained after the strict historical window/as_of filter; archive completeness is not guaranteed.
M1_pilot_aapl_2023q4_4w_v1,20260813T233409151461Z_2e842979,AAPL,2023-10-13,yfinance.get_global_news,APPROXIMATE,unavailable,2023-10-13,2023-10-13,,,Yahoo Finance global news was unavailable for requested window 2023-10-06 to 2023-10-13; No timestamped Yahoo Finance articles remained after the strict historical window/as_of filter; archive completeness is not guaranteed.
M1_pilot_aapl_2023q4_4w_v1,20260813T233409151461Z_2e842979,AAPL,2023-10-13,fred.get_macro_indicators,LIVE_ONLY,blocked,2023-10-13,2023-10-13,,,fred is a LIVE_ONLY source and was disabled before its network request; historical publication availability cannot be proven.
M1_pilot_aapl_2023q4_4w_v1,20260813T233409151461Z_2e842979,AAPL,2023-10-13,fred.get_macro_indicators,LIVE_ONLY,blocked,2023-10-13,2023-10-13,,,fred is a LIVE_ONLY source and was disabled before its network request; historical publication availability cannot be proven.
M1_pilot_aapl_2023q4_4w_v1,20260813T233409151461Z_2e842979,AAPL,2023-10-13,fred.get_macro_indicators,LIVE_ONLY,blocked,2023-10-13,2023-10-13,,,fred is a LIVE_ONLY source and was disabled before its network request; historical publication availability cannot be proven.
M1_pilot_aapl_2023q4_4w_v1,20260813T233409151461Z_2e842979,AAPL,2023-10-13,fred.get_macro_indicators,LIVE_ONLY,blocked,2023-10-13,2023-10-13,,,fred is a LIVE_ONLY source and was disabled before its network request; historical publication availability cannot be proven.
M1_pilot_aapl_2023q4_4w_v1,20260813T233409151461Z_2e842979,AAPL,2023-10-13,polymarket.get_prediction_markets,LIVE_ONLY,blocked,,,,,polymarket is a LIVE_ONLY source and was disabled before its network request; historical publication availability cannot be proven.
M1_pilot_aapl_2023q4_4w_v1,20260813T233409151461Z_2e842979,AAPL,2023-10-13,polymarket.get_prediction_markets,LIVE_ONLY,blocked,,,,,polymarket is a LIVE_ONLY source and was disabled before its network request; historical publication availability cannot be proven.
M1_pilot_aapl_2023q4_4w_v1,20260813T233409151461Z_2e842979,AAPL,2023-10-13,yfinance.get_news,APPROXIMATE,unavailable,2023-10-06,2023-10-13,,,No timestamped Yahoo Finance articles remained after the strict historical window/as_of filter; archive completeness is not guaranteed.
M1_pilot_aapl_2023q4_4w_v1,20260813T233409151461Z_2e842979,AAPL,2023-10-13,yfinance.get_news,APPROXIMATE,unavailable,2023-10-06,2023-10-13,,,Yahoo Finance news is an incomplete archive for requested window 2023-10-06 to 2023-10-13; No timestamped Yahoo Finance articles remained after the strict historical window/as_of filter; archive completeness is not guaranteed.
M1_pilot_aapl_2023q4_4w_v1,20260813T233409151461Z_2e842979,AAPL,2023-10-13,finmultitime.frozen_evidence_packet,POINT_IN_TIME,used,2023-10-13,2023-10-13,,,exact frozen routed projection delivered to analyst-local prompt
M1_pilot_aapl_2023q4_4w_v1,20260813T233409151461Z_2e842979,AAPL,2023-10-13,fred.get_macro_indicators,LIVE_ONLY,blocked,2023-10-13,2023-10-13,,,fred is a LIVE_ONLY source and was disabled before its network request; historical publication availability cannot be proven.
M1_pilot_aapl_2023q4_4w_v1,20260813T233409151461Z_2e842979,AAPL,2023-10-13,fred.get_macro_indicators,LIVE_ONLY,blocked,2023-10-13,2023-10-13,,,fred is a LIVE_ONLY source and was disabled before its network request; historical publication availability cannot be proven.
M1_pilot_aapl_2023q4_4w_v1,20260813T233409151461Z_2e842979,AAPL,2023-10-13,yfinance.get_news,APPROXIMATE,unavailable,2023-10-01,2023-10-13,,,No timestamped Yahoo Finance articles remained after the strict historical window/as_of filter; archive completeness is not guaranteed.
M1_pilot_aapl_2023q4_4w_v1,20260813T233409151461Z_2e842979,AAPL,2023-10-13,yfinance.get_news,APPROXIMATE,unavailable,2023-10-01,2023-10-13,,,Yahoo Finance news is an incomplete archive for requested window 2023-10-01 to 2023-10-13; No timestamped Yahoo Finance articles remained after the strict historical window/as_of filter; archive completeness is not guaranteed.
M1_pilot_aapl_2023q4_4w_v1,20260813T233409151461Z_2e842979,AAPL,2023-10-13,finmultitime.frozen_evidence_packet,POINT_IN_TIME,used,2023-10-13,2023-10-13,,,exact frozen routed projection delivered to analyst-local prompt
M1_pilot_aapl_2023q4_4w_v1,20260813T233409151461Z_2e842979,AAPL,2023-10-13,finmultitime.frozen_evidence_packet,POINT_IN_TIME,used,2023-10-13,2023-10-13,,,exact frozen routed projection delivered to analyst-local prompt
M1_pilot_aapl_2023q4_4w_v1,20260813T233409151461Z_2e842979,AAPL,2023-10-13,yfinance.get_fundamentals,LIVE_ONLY,blocked,2023-10-13,2023-10-13,,,yfinance is a LIVE_ONLY source and was disabled before its network request; historical publication availability cannot be proven.
M1_pilot_aapl_2023q4_4w_v1,20260813T233409151461Z_2e842979,AAPL,2023-10-13,yfinance.get_balance_sheet,LIVE_ONLY,blocked,2023-10-13,2023-10-13,,,yfinance is a LIVE_ONLY source and was disabled before its network request; historical publication availability cannot be proven.
M1_pilot_aapl_2023q4_4w_v1,20260813T233409151461Z_2e842979,AAPL,2023-10-13,yfinance.get_cashflow,LIVE_ONLY,blocked,2023-10-13,2023-10-13,,,yfinance is a LIVE_ONLY source and was disabled before its network request; historical publication availability cannot be proven.
M1_pilot_aapl_2023q4_4w_v1,20260813T233409151461Z_2e842979,AAPL,2023-10-13,yfinance.get_income_statement,LIVE_ONLY,blocked,2023-10-13,2023-10-13,,,yfinance is a LIVE_ONLY source and was disabled before its network request; historical publication availability cannot be proven.
M1_pilot_aapl_2023q4_4w_v1,20260813T233409151461Z_2e842979,AAPL,2023-10-13,finmultitime.frozen_evidence_packet,POINT_IN_TIME,used,2023-10-13,2023-10-13,,,exact frozen routed projection delivered to analyst-local prompt
M1_pilot_aapl_2023q4_4w_v1,20260813T233409151461Z_2e842979,AAPL,2023-10-13,yfinance.get_balance_sheet,LIVE_ONLY,blocked,2023-10-13,2023-10-13,,,yfinance is a LIVE_ONLY source and was disabled before its network request; historical publication availability cannot be proven.
M1_pilot_aapl_2023q4_4w_v1,20260813T233409151461Z_2e842979,AAPL,2023-10-13,yfinance.get_cashflow,LIVE_ONLY,blocked,2023-10-13,2023-10-13,,,yfinance is a LIVE_ONLY source and was disabled before its network request; historical publication availability cannot be proven.
M1_pilot_aapl_2023q4_4w_v1,20260813T233409151461Z_2e842979,AAPL,2023-10-13,yfinance.get_income_statement,LIVE_ONLY,blocked,2023-10-13,2023-10-13,,,yfinance is a LIVE_ONLY source and was disabled before its network request; historical publication availability cannot be proven.
M1_pilot_aapl_2023q4_4w_v1,20260813T233409151461Z_2e842979,AAPL,2023-10-13,finmultitime.frozen_evidence_packet,POINT_IN_TIME,used,2023-10-13,2023-10-13,,,exact frozen routed projection delivered to analyst-local prompt
M1_pilot_aapl_2023q4_4w_v1,20260813T233409151461Z_2e842979,AAPL,2023-10-20,stocktwits,LIVE_ONLY,blocked,,2023-10-20T20:00:00+00:00,,,StockTwits live stream disabled in historical mode.
M1_pilot_aapl_2023q4_4w_v1,20260813T233409151461Z_2e842979,AAPL,2023-10-20,reddit,LIVE_ONLY,blocked,,2023-10-20T20:00:00+00:00,,,Reddit live search disabled in historical mode.
M1_pilot_aapl_2023q4_4w_v1,20260813T233409151461Z_2e842979,AAPL,2023-10-20,polymarket,LIVE_ONLY,blocked,,2023-10-20T20:00:00+00:00,,,Polymarket current market snapshot disabled in historical mode.
M1_pilot_aapl_2023q4_4w_v1,20260813T233409151461Z_2e842979,AAPL,2023-10-20,fred,LIVE_ONLY,blocked,,2023-10-20T20:00:00+00:00,,,FRED current revisions lack an as-of vintage.
M1_pilot_aapl_2023q4_4w_v1,20260813T233409151461Z_2e842979,AAPL,2023-10-20,yfinance.ticker_info,LIVE_ONLY,blocked,,2023-10-20T20:00:00+00:00,,,Ticker.info is a current snapshot.
M1_pilot_aapl_2023q4_4w_v1,20260813T233409151461Z_2e842979,AAPL,2023-10-20,yfinance.financial_statements,LIVE_ONLY,blocked,,2023-10-20T20:00:00+00:00,,,No filing/publication timestamp is available.
M1_pilot_aapl_2023q4_4w_v1,20260813T233409151461Z_2e842979,AAPL,2023-10-20,yfinance.insider_transactions,LIVE_ONLY,blocked,,2023-10-20T20:00:00+00:00,,,No verifiable public filing timestamp is available.
M1_pilot_aapl_2023q4_4w_v1,20260813T233409151461Z_2e842979,AAPL,2023-10-20,decision_memory,POINT_IN_TIME,used,,2023-10-20T20:00:00+00:00,,,1 pending entries inspected; historical entries are isolated and outcomes require a complete trading-day holding horizon.
M1_pilot_aapl_2023q4_4w_v1,20260813T233409151461Z_2e842979,AAPL,2023-10-20,decision_memory.outcome_prices,POINT_IN_TIME,used,2023-10-13,2023-10-20T20:00:00+00:00,2023-10-20,2023-10-20,adjusted-close return used 5 asset trading sessions with matching benchmark observations
M1_pilot_aapl_2023q4_4w_v1,20260813T233409151461Z_2e842979,AAPL,2023-10-20,yfinance.ticker_info.identity,LIVE_ONLY,blocked,,,,,Ticker.info is LIVE_ONLY and cannot prove historical company metadata availability.
M1_pilot_aapl_2023q4_4w_v1,20260813T233409151461Z_2e842979,AAPL,2023-10-20,finmultitime.frozen_evidence_packet,POINT_IN_TIME,used,2023-10-20,2023-10-20,,,exact frozen routed projection delivered to analyst-local prompt
M1_pilot_aapl_2023q4_4w_v1,20260813T233409151461Z_2e842979,AAPL,2023-10-20,yfinance.ohlcv_cache,POINT_IN_TIME,used,,2023-10-20,2023-10-20T00:00:00+00:00,2023-10-20T00:00:00+00:00,Rows were filtered to historical_as_of before indicator calculation.
M1_pilot_aapl_2023q4_4w_v1,20260813T233409151461Z_2e842979,AAPL,2023-10-20,yfinance.get_stock_data,POINT_IN_TIME,used,2023-06-01,2023-10-20,,,
M1_pilot_aapl_2023q4_4w_v1,20260813T233409151461Z_2e842979,AAPL,2023-10-20,finmultitime.frozen_evidence_packet,POINT_IN_TIME,used,2023-10-20,2023-10-20,,,exact frozen routed projection delivered to analyst-local prompt
M1_pilot_aapl_2023q4_4w_v1,20260813T233409151461Z_2e842979,AAPL,2023-10-20,yfinance.ohlcv_cache,POINT_IN_TIME,used,,2023-10-20,2023-10-20T00:00:00+00:00,2023-10-20T00:00:00+00:00,Rows were filtered to historical_as_of before indicator calculation.
M1_pilot_aapl_2023q4_4w_v1,20260813T233409151461Z_2e842979,AAPL,2023-10-20,yfinance.ohlcv_cache,POINT_IN_TIME,used,,2023-10-20,2023-10-20T00:00:00+00:00,2023-10-20T00:00:00+00:00,Rows were filtered to historical_as_of before indicator calculation.
M1_pilot_aapl_2023q4_4w_v1,20260813T233409151461Z_2e842979,AAPL,2023-10-20,yfinance.ohlcv_cache,POINT_IN_TIME,used,,2023-10-20,2023-10-20T00:00:00+00:00,2023-10-20T00:00:00+00:00,Rows were filtered to historical_as_of before indicator calculation.
M1_pilot_aapl_2023q4_4w_v1,20260813T233409151461Z_2e842979,AAPL,2023-10-20,yfinance.get_indicators,POINT_IN_TIME,used,2023-10-20,2023-10-20,,,
M1_pilot_aapl_2023q4_4w_v1,20260813T233409151461Z_2e842979,AAPL,2023-10-20,yfinance.ohlcv_cache,POINT_IN_TIME,used,,2023-10-20,2023-10-20T00:00:00+00:00,2023-10-20T00:00:00+00:00,Rows were filtered to historical_as_of before indicator calculation.
M1_pilot_aapl_2023q4_4w_v1,20260813T233409151461Z_2e842979,AAPL,2023-10-20,yfinance.ohlcv_cache,POINT_IN_TIME,used,,2023-10-20,2023-10-20T00:00:00+00:00,2023-10-20T00:00:00+00:00,Rows were filtered to historical_as_of before indicator calculation.
M1_pilot_aapl_2023q4_4w_v1,20260813T233409151461Z_2e842979,AAPL,2023-10-20,yfinance.get_indicators,POINT_IN_TIME,used,2023-10-20,2023-10-20,,,
M1_pilot_aapl_2023q4_4w_v1,20260813T233409151461Z_2e842979,AAPL,2023-10-20,yfinance.ohlcv_cache,POINT_IN_TIME,used,,2023-10-20,2023-10-20T00:00:00+00:00,2023-10-20T00:00:00+00:00,Rows were filtered to historical_as_of before indicator calculation.
M1_pilot_aapl_2023q4_4w_v1,20260813T233409151461Z_2e842979,AAPL,2023-10-20,yfinance.get_indicators,POINT_IN_TIME,used,2023-10-20,2023-10-20,,,
M1_pilot_aapl_2023q4_4w_v1,20260813T233409151461Z_2e842979,AAPL,2023-10-20,yfinance.get_indicators,POINT_IN_TIME,used,2023-10-20,2023-10-20,,,
M1_pilot_aapl_2023q4_4w_v1,20260813T233409151461Z_2e842979,AAPL,2023-10-20,yfinance.ohlcv_cache,POINT_IN_TIME,used,,2023-10-20,2023-10-20T00:00:00+00:00,2023-10-20T00:00:00+00:00,Rows were filtered to historical_as_of before indicator calculation.
M1_pilot_aapl_2023q4_4w_v1,20260813T233409151461Z_2e842979,AAPL,2023-10-20,yfinance.ohlcv_cache,POINT_IN_TIME,used,,2023-10-20,2023-10-20T00:00:00+00:00,2023-10-20T00:00:00+00:00,Rows were filtered to historical_as_of before indicator calculation.
M1_pilot_aapl_2023q4_4w_v1,20260813T233409151461Z_2e842979,AAPL,2023-10-20,yfinance.get_indicators,POINT_IN_TIME,used,2023-10-20,2023-10-20,,,
M1_pilot_aapl_2023q4_4w_v1,20260813T233409151461Z_2e842979,AAPL,2023-10-20,yfinance.get_indicators,POINT_IN_TIME,used,2023-10-20,2023-10-20,,,
M1_pilot_aapl_2023q4_4w_v1,20260813T233409151461Z_2e842979,AAPL,2023-10-20,yfinance.get_indicators,POINT_IN_TIME,used,2023-10-20,2023-10-20,,,
M1_pilot_aapl_2023q4_4w_v1,20260813T233409151461Z_2e842979,AAPL,2023-10-20,yfinance.get_indicators,POINT_IN_TIME,used,2023-10-20,2023-10-20,,,
M1_pilot_aapl_2023q4_4w_v1,20260813T233409151461Z_2e842979,AAPL,2023-10-20,finmultitime.frozen_evidence_packet,POINT_IN_TIME,used,2023-10-20,2023-10-20,,,exact frozen routed projection delivered to analyst-local prompt
M1_pilot_aapl_2023q4_4w_v1,20260813T233409151461Z_2e842979,AAPL,2023-10-20,yfinance.ohlcv_cache,POINT_IN_TIME,used,,2023-10-20,2023-10-20T00:00:00+00:00,2023-10-20T00:00:00+00:00,Rows were filtered to historical_as_of before indicator calculation.
M1_pilot_aapl_2023q4_4w_v1,20260813T233409151461Z_2e842979,AAPL,2023-10-20,yfinance.ohlcv_cache,POINT_IN_TIME,used,,2023-10-20,2023-10-20T00:00:00+00:00,2023-10-20T00:00:00+00:00,Rows were filtered to historical_as_of before indicator calculation.
M1_pilot_aapl_2023q4_4w_v1,20260813T233409151461Z_2e842979,AAPL,2023-10-20,yfinance.ohlcv_cache,POINT_IN_TIME,used,,2023-10-20,2023-10-20T00:00:00+00:00,2023-10-20T00:00:00+00:00,Rows were filtered to historical_as_of before indicator calculation.
M1_pilot_aapl_2023q4_4w_v1,20260813T233409151461Z_2e842979,AAPL,2023-10-20,yfinance.ohlcv_cache,POINT_IN_TIME,used,,2023-10-20,2023-10-20T00:00:00+00:00,2023-10-20T00:00:00+00:00,Rows were filtered to historical_as_of before indicator calculation.
M1_pilot_aapl_2023q4_4w_v1,20260813T233409151461Z_2e842979,AAPL,2023-10-20,yfinance.get_indicators,POINT_IN_TIME,used,2023-10-20,2023-10-20,,,
M1_pilot_aapl_2023q4_4w_v1,20260813T233409151461Z_2e842979,AAPL,2023-10-20,yfinance.get_indicators,POINT_IN_TIME,used,2023-10-20,2023-10-20,,,
M1_pilot_aapl_2023q4_4w_v1,20260813T233409151461Z_2e842979,AAPL,2023-10-20,yfinance.get_indicators,POINT_IN_TIME,used,2023-10-20,2023-10-20,,,
M1_pilot_aapl_2023q4_4w_v1,20260813T233409151461Z_2e842979,AAPL,2023-10-20,yfinance.get_indicators,POINT_IN_TIME,used,2023-10-20,2023-10-20,,,
M1_pilot_aapl_2023q4_4w_v1,20260813T233409151461Z_2e842979,AAPL,2023-10-20,finmultitime.frozen_evidence_packet,POINT_IN_TIME,used,2023-10-20,2023-10-20,,,exact frozen routed projection delivered to analyst-local prompt
M1_pilot_aapl_2023q4_4w_v1,20260813T233409151461Z_2e842979,AAPL,2023-10-20,yfinance.get_news,APPROXIMATE,unavailable,2023-10-13,2023-10-20,,,No timestamped Yahoo Finance articles remained after the strict historical window/as_of filter; archive completeness is not guaranteed.
M1_pilot_aapl_2023q4_4w_v1,20260813T233409151461Z_2e842979,AAPL,2023-10-20,yfinance.get_news,APPROXIMATE,unavailable,2023-10-13,2023-10-20,,,Yahoo Finance news is an incomplete archive for requested window 2023-10-13 to 2023-10-20; No timestamped Yahoo Finance articles remained after the strict historical window/as_of filter; archive completeness is not guaranteed.
M1_pilot_aapl_2023q4_4w_v1,20260813T233409151461Z_2e842979,AAPL,2023-10-20,stocktwits,LIVE_ONLY,blocked,,,,,StockTwits is a live-only source and was disabled for historical analysis.
M1_pilot_aapl_2023q4_4w_v1,20260813T233409151461Z_2e842979,AAPL,2023-10-20,reddit,LIVE_ONLY,blocked,,,,,Reddit is a live-only source and was disabled for historical analysis.
M1_pilot_aapl_2023q4_4w_v1,20260813T233409151461Z_2e842979,AAPL,2023-10-20,finmultitime.frozen_evidence_packet,POINT_IN_TIME,used,2023-10-20,2023-10-20,,,exact frozen routed projection delivered to analyst-local prompt
M1_pilot_aapl_2023q4_4w_v1,20260813T233409151461Z_2e842979,AAPL,2023-10-20,yfinance.get_global_news,APPROXIMATE,unavailable,2023-10-13,2023-10-20,,,No timestamped Yahoo Finance articles remained after the strict historical window/as_of filter; archive completeness is not guaranteed.
M1_pilot_aapl_2023q4_4w_v1,20260813T233409151461Z_2e842979,AAPL,2023-10-20,yfinance.get_global_news,APPROXIMATE,unavailable,2023-10-20,2023-10-20,,,Yahoo Finance global news was unavailable for requested window 2023-10-13 to 2023-10-20; No timestamped Yahoo Finance articles remained after the strict historical window/as_of filter; archive completeness is not guaranteed.
M1_pilot_aapl_2023q4_4w_v1,20260813T233409151461Z_2e842979,AAPL,2023-10-20,fred.get_macro_indicators,LIVE_ONLY,blocked,2023-10-20,2023-10-20,,,fred is a LIVE_ONLY source and was disabled before its network request; historical publication availability cannot be proven.
M1_pilot_aapl_2023q4_4w_v1,20260813T233409151461Z_2e842979,AAPL,2023-10-20,fred.get_macro_indicators,LIVE_ONLY,blocked,2023-10-20,2023-10-20,,,fred is a LIVE_ONLY source and was disabled before its network request; historical publication availability cannot be proven.
M1_pilot_aapl_2023q4_4w_v1,20260813T233409151461Z_2e842979,AAPL,2023-10-20,fred.get_macro_indicators,LIVE_ONLY,blocked,2023-10-20,2023-10-20,,,fred is a LIVE_ONLY source and was disabled before its network request; historical publication availability cannot be proven.
M1_pilot_aapl_2023q4_4w_v1,20260813T233409151461Z_2e842979,AAPL,2023-10-20,fred.get_macro_indicators,LIVE_ONLY,blocked,2023-10-20,2023-10-20,,,fred is a LIVE_ONLY source and was disabled before its network request; historical publication availability cannot be proven.
M1_pilot_aapl_2023q4_4w_v1,20260813T233409151461Z_2e842979,AAPL,2023-10-20,polymarket.get_prediction_markets,LIVE_ONLY,blocked,,,,,polymarket is a LIVE_ONLY source and was disabled before its network request; historical publication availability cannot be proven.
M1_pilot_aapl_2023q4_4w_v1,20260813T233409151461Z_2e842979,AAPL,2023-10-20,polymarket.get_prediction_markets,LIVE_ONLY,blocked,,,,,polymarket is a LIVE_ONLY source and was disabled before its network request; historical publication availability cannot be proven.
M1_pilot_aapl_2023q4_4w_v1,20260813T233409151461Z_2e842979,AAPL,2023-10-20,yfinance.get_news,APPROXIMATE,unavailable,2023-10-13,2023-10-20,,,No timestamped Yahoo Finance articles remained after the strict historical window/as_of filter; archive completeness is not guaranteed.
M1_pilot_aapl_2023q4_4w_v1,20260813T233409151461Z_2e842979,AAPL,2023-10-20,yfinance.get_news,APPROXIMATE,unavailable,2023-10-13,2023-10-20,,,Yahoo Finance news is an incomplete archive for requested window 2023-10-13 to 2023-10-20; No timestamped Yahoo Finance articles remained after the strict historical window/as_of filter; archive completeness is not guaranteed.
M1_pilot_aapl_2023q4_4w_v1,20260813T233409151461Z_2e842979,AAPL,2023-10-20,finmultitime.frozen_evidence_packet,POINT_IN_TIME,used,2023-10-20,2023-10-20,,,exact frozen routed projection delivered to analyst-local prompt
M1_pilot_aapl_2023q4_4w_v1,20260813T233409151461Z_2e842979,AAPL,2023-10-20,fred.get_macro_indicators,LIVE_ONLY,blocked,2023-10-20,2023-10-20,,,fred is a LIVE_ONLY source and was disabled before its network request; historical publication availability cannot be proven.
M1_pilot_aapl_2023q4_4w_v1,20260813T233409151461Z_2e842979,AAPL,2023-10-20,fred.get_macro_indicators,LIVE_ONLY,blocked,2023-10-20,2023-10-20,,,fred is a LIVE_ONLY source and was disabled before its network request; historical publication availability cannot be proven.
M1_pilot_aapl_2023q4_4w_v1,20260813T233409151461Z_2e842979,AAPL,2023-10-20,yfinance.get_news,APPROXIMATE,unavailable,2023-10-01,2023-10-20,,,No timestamped Yahoo Finance articles remained after the strict historical window/as_of filter; archive completeness is not guaranteed.
M1_pilot_aapl_2023q4_4w_v1,20260813T233409151461Z_2e842979,AAPL,2023-10-20,yfinance.get_news,APPROXIMATE,unavailable,2023-10-01,2023-10-20,,,Yahoo Finance news is an incomplete archive for requested window 2023-10-01 to 2023-10-20; No timestamped Yahoo Finance articles remained after the strict historical window/as_of filter; archive completeness is not guaranteed.
M1_pilot_aapl_2023q4_4w_v1,20260813T233409151461Z_2e842979,AAPL,2023-10-20,yfinance.get_global_news,APPROXIMATE,unavailable,2023-10-06,2023-10-20,,,No timestamped Yahoo Finance articles remained after the strict historical window/as_of filter; archive completeness is not guaranteed.
M1_pilot_aapl_2023q4_4w_v1,20260813T233409151461Z_2e842979,AAPL,2023-10-20,yfinance.get_global_news,APPROXIMATE,unavailable,2023-10-20,2023-10-20,,,Yahoo Finance global news was unavailable for requested window 2023-10-06 to 2023-10-20; No timestamped Yahoo Finance articles remained after the strict historical window/as_of filter; archive completeness is not guaranteed.
M1_pilot_aapl_2023q4_4w_v1,20260813T233409151461Z_2e842979,AAPL,2023-10-20,finmultitime.frozen_evidence_packet,POINT_IN_TIME,used,2023-10-20,2023-10-20,,,exact frozen routed projection delivered to analyst-local prompt
M1_pilot_aapl_2023q4_4w_v1,20260813T233409151461Z_2e842979,AAPL,2023-10-20,finmultitime.frozen_evidence_packet,POINT_IN_TIME,used,2023-10-20,2023-10-20,,,exact frozen routed projection delivered to analyst-local prompt
M1_pilot_aapl_2023q4_4w_v1,20260813T233409151461Z_2e842979,AAPL,2023-10-20,yfinance.get_fundamentals,LIVE_ONLY,blocked,2023-10-20,2023-10-20,,,yfinance is a LIVE_ONLY source and was disabled before its network request; historical publication availability cannot be proven.
M1_pilot_aapl_2023q4_4w_v1,20260813T233409151461Z_2e842979,AAPL,2023-10-20,yfinance.get_balance_sheet,LIVE_ONLY,blocked,2023-10-20,2023-10-20,,,yfinance is a LIVE_ONLY source and was disabled before its network request; historical publication availability cannot be proven.
M1_pilot_aapl_2023q4_4w_v1,20260813T233409151461Z_2e842979,AAPL,2023-10-20,yfinance.get_cashflow,LIVE_ONLY,blocked,2023-10-20,2023-10-20,,,yfinance is a LIVE_ONLY source and was disabled before its network request; historical publication availability cannot be proven.
M1_pilot_aapl_2023q4_4w_v1,20260813T233409151461Z_2e842979,AAPL,2023-10-20,yfinance.get_income_statement,LIVE_ONLY,blocked,2023-10-20,2023-10-20,,,yfinance is a LIVE_ONLY source and was disabled before its network request; historical publication availability cannot be proven.
M1_pilot_aapl_2023q4_4w_v1,20260813T233409151461Z_2e842979,AAPL,2023-10-20,finmultitime.frozen_evidence_packet,POINT_IN_TIME,used,2023-10-20,2023-10-20,,,exact frozen routed projection delivered to analyst-local prompt
M1_pilot_aapl_2023q4_4w_v1,20260813T233409151461Z_2e842979,AAPL,2023-10-20,yfinance.get_balance_sheet,LIVE_ONLY,blocked,2023-10-20,2023-10-20,,,yfinance is a LIVE_ONLY source and was disabled before its network request; historical publication availability cannot be proven.
M1_pilot_aapl_2023q4_4w_v1,20260813T233409151461Z_2e842979,AAPL,2023-10-20,yfinance.get_cashflow,LIVE_ONLY,blocked,2023-10-20,2023-10-20,,,yfinance is a LIVE_ONLY source and was disabled before its network request; historical publication availability cannot be proven.
M1_pilot_aapl_2023q4_4w_v1,20260813T233409151461Z_2e842979,AAPL,2023-10-20,yfinance.get_income_statement,LIVE_ONLY,blocked,2023-10-20,2023-10-20,,,yfinance is a LIVE_ONLY source and was disabled before its network request; historical publication availability cannot be proven.
M1_pilot_aapl_2023q4_4w_v1,20260813T233409151461Z_2e842979,AAPL,2023-10-20,finmultitime.frozen_evidence_packet,POINT_IN_TIME,used,2023-10-20,2023-10-20,,,exact frozen routed projection delivered to analyst-local prompt
M1_pilot_aapl_2023q4_4w_v1,20260813T233409151461Z_2e842979,AAPL,2023-10-27,stocktwits,LIVE_ONLY,blocked,,2023-10-27T20:00:00+00:00,,,StockTwits live stream disabled in historical mode.
M1_pilot_aapl_2023q4_4w_v1,20260813T233409151461Z_2e842979,AAPL,2023-10-27,reddit,LIVE_ONLY,blocked,,2023-10-27T20:00:00+00:00,,,Reddit live search disabled in historical mode.
M1_pilot_aapl_2023q4_4w_v1,20260813T233409151461Z_2e842979,AAPL,2023-10-27,polymarket,LIVE_ONLY,blocked,,2023-10-27T20:00:00+00:00,,,Polymarket current market snapshot disabled in historical mode.
M1_pilot_aapl_2023q4_4w_v1,20260813T233409151461Z_2e842979,AAPL,2023-10-27,fred,LIVE_ONLY,blocked,,2023-10-27T20:00:00+00:00,,,FRED current revisions lack an as-of vintage.
M1_pilot_aapl_2023q4_4w_v1,20260813T233409151461Z_2e842979,AAPL,2023-10-27,yfinance.ticker_info,LIVE_ONLY,blocked,,2023-10-27T20:00:00+00:00,,,Ticker.info is a current snapshot.
M1_pilot_aapl_2023q4_4w_v1,20260813T233409151461Z_2e842979,AAPL,2023-10-27,yfinance.financial_statements,LIVE_ONLY,blocked,,2023-10-27T20:00:00+00:00,,,No filing/publication timestamp is available.
M1_pilot_aapl_2023q4_4w_v1,20260813T233409151461Z_2e842979,AAPL,2023-10-27,yfinance.insider_transactions,LIVE_ONLY,blocked,,2023-10-27T20:00:00+00:00,,,No verifiable public filing timestamp is available.
M1_pilot_aapl_2023q4_4w_v1,20260813T233409151461Z_2e842979,AAPL,2023-10-27,decision_memory,POINT_IN_TIME,used,,2023-10-27T20:00:00+00:00,,,1 pending entries inspected; historical entries are isolated and outcomes require a complete trading-day holding horizon.
M1_pilot_aapl_2023q4_4w_v1,20260813T233409151461Z_2e842979,AAPL,2023-10-27,decision_memory.outcome_prices,POINT_IN_TIME,used,2023-10-20,2023-10-27T20:00:00+00:00,2023-10-27,2023-10-27,adjusted-close return used 5 asset trading sessions with matching benchmark observations
M1_pilot_aapl_2023q4_4w_v1,20260813T233409151461Z_2e842979,AAPL,2023-10-27,yfinance.ticker_info.identity,LIVE_ONLY,blocked,,,,,Ticker.info is LIVE_ONLY and cannot prove historical company metadata availability.
M1_pilot_aapl_2023q4_4w_v1,20260813T233409151461Z_2e842979,AAPL,2023-10-27,finmultitime.frozen_evidence_packet,POINT_IN_TIME,used,2023-10-27,2023-10-27,,,exact frozen routed projection delivered to analyst-local prompt
M1_pilot_aapl_2023q4_4w_v1,20260813T233409151461Z_2e842979,AAPL,2023-10-27,yfinance.ohlcv_cache,POINT_IN_TIME,used,,2023-10-27,2023-10-27T00:00:00+00:00,2023-10-27T00:00:00+00:00,Rows were filtered to historical_as_of before indicator calculation.
M1_pilot_aapl_2023q4_4w_v1,20260813T233409151461Z_2e842979,AAPL,2023-10-27,yfinance.get_stock_data,POINT_IN_TIME,used,2023-07-01,2023-10-27,,,
M1_pilot_aapl_2023q4_4w_v1,20260813T233409151461Z_2e842979,AAPL,2023-10-27,finmultitime.frozen_evidence_packet,POINT_IN_TIME,used,2023-10-27,2023-10-27,,,exact frozen routed projection delivered to analyst-local prompt
M1_pilot_aapl_2023q4_4w_v1,20260813T233409151461Z_2e842979,AAPL,2023-10-27,yfinance.ohlcv_cache,POINT_IN_TIME,used,,2023-10-27,2023-10-27T00:00:00+00:00,2023-10-27T00:00:00+00:00,Rows were filtered to historical_as_of before indicator calculation.
M1_pilot_aapl_2023q4_4w_v1,20260813T233409151461Z_2e842979,AAPL,2023-10-27,yfinance.ohlcv_cache,POINT_IN_TIME,used,,2023-10-27,2023-10-27T00:00:00+00:00,2023-10-27T00:00:00+00:00,Rows were filtered to historical_as_of before indicator calculation.
M1_pilot_aapl_2023q4_4w_v1,20260813T233409151461Z_2e842979,AAPL,2023-10-27,yfinance.ohlcv_cache,POINT_IN_TIME,used,,2023-10-27,2023-10-27T00:00:00+00:00,2023-10-27T00:00:00+00:00,Rows were filtered to historical_as_of before indicator calculation.
M1_pilot_aapl_2023q4_4w_v1,20260813T233409151461Z_2e842979,AAPL,2023-10-27,yfinance.get_indicators,POINT_IN_TIME,used,2023-10-27,2023-10-27,,,
M1_pilot_aapl_2023q4_4w_v1,20260813T233409151461Z_2e842979,AAPL,2023-10-27,yfinance.get_indicators,POINT_IN_TIME,used,2023-10-27,2023-10-27,,,
M1_pilot_aapl_2023q4_4w_v1,20260813T233409151461Z_2e842979,AAPL,2023-10-27,yfinance.ohlcv_cache,POINT_IN_TIME,used,,2023-10-27,2023-10-27T00:00:00+00:00,2023-10-27T00:00:00+00:00,Rows were filtered to historical_as_of before indicator calculation.
M1_pilot_aapl_2023q4_4w_v1,20260813T233409151461Z_2e842979,AAPL,2023-10-27,yfinance.get_indicators,POINT_IN_TIME,used,2023-10-27,2023-10-27,,,
M1_pilot_aapl_2023q4_4w_v1,20260813T233409151461Z_2e842979,AAPL,2023-10-27,yfinance.ohlcv_cache,POINT_IN_TIME,used,,2023-10-27,2023-10-27T00:00:00+00:00,2023-10-27T00:00:00+00:00,Rows were filtered to historical_as_of before indicator calculation.
M1_pilot_aapl_2023q4_4w_v1,20260813T233409151461Z_2e842979,AAPL,2023-10-27,yfinance.get_indicators,POINT_IN_TIME,used,2023-10-27,2023-10-27,,,
M1_pilot_aapl_2023q4_4w_v1,20260813T233409151461Z_2e842979,AAPL,2023-10-27,yfinance.ohlcv_cache,POINT_IN_TIME,used,,2023-10-27,2023-10-27T00:00:00+00:00,2023-10-27T00:00:00+00:00,Rows were filtered to historical_as_of before indicator calculation.
M1_pilot_aapl_2023q4_4w_v1,20260813T233409151461Z_2e842979,AAPL,2023-10-27,yfinance.ohlcv_cache,POINT_IN_TIME,used,,2023-10-27,2023-10-27T00:00:00+00:00,2023-10-27T00:00:00+00:00,Rows were filtered to historical_as_of before indicator calculation.
M1_pilot_aapl_2023q4_4w_v1,20260813T233409151461Z_2e842979,AAPL,2023-10-27,yfinance.ohlcv_cache,POINT_IN_TIME,used,,2023-10-27,2023-10-27T00:00:00+00:00,2023-10-27T00:00:00+00:00,Rows were filtered to historical_as_of before indicator calculation.
M1_pilot_aapl_2023q4_4w_v1,20260813T233409151461Z_2e842979,AAPL,2023-10-27,yfinance.get_indicators,POINT_IN_TIME,used,2023-10-27,2023-10-27,,,
M1_pilot_aapl_2023q4_4w_v1,20260813T233409151461Z_2e842979,AAPL,2023-10-27,yfinance.get_indicators,POINT_IN_TIME,used,2023-10-27,2023-10-27,,,
M1_pilot_aapl_2023q4_4w_v1,20260813T233409151461Z_2e842979,AAPL,2023-10-27,yfinance.get_indicators,POINT_IN_TIME,used,2023-10-27,2023-10-27,,,
M1_pilot_aapl_2023q4_4w_v1,20260813T233409151461Z_2e842979,AAPL,2023-10-27,yfinance.get_indicators,POINT_IN_TIME,used,2023-10-27,2023-10-27,,,
M1_pilot_aapl_2023q4_4w_v1,20260813T233409151461Z_2e842979,AAPL,2023-10-27,finmultitime.frozen_evidence_packet,POINT_IN_TIME,used,2023-10-27,2023-10-27,,,exact frozen routed projection delivered to analyst-local prompt
M1_pilot_aapl_2023q4_4w_v1,20260813T233409151461Z_2e842979,AAPL,2023-10-27,yfinance.ohlcv_cache,POINT_IN_TIME,used,,2023-10-27,2023-10-27T00:00:00+00:00,2023-10-27T00:00:00+00:00,Rows were filtered to historical_as_of before indicator calculation.
M1_pilot_aapl_2023q4_4w_v1,20260813T233409151461Z_2e842979,AAPL,2023-10-27,yfinance.ohlcv_cache,POINT_IN_TIME,used,,2023-10-27,2023-10-27T00:00:00+00:00,2023-10-27T00:00:00+00:00,Rows were filtered to historical_as_of before indicator calculation.
M1_pilot_aapl_2023q4_4w_v1,20260813T233409151461Z_2e842979,AAPL,2023-10-27,yfinance.ohlcv_cache,POINT_IN_TIME,used,,2023-10-27,2023-10-27T00:00:00+00:00,2023-10-27T00:00:00+00:00,Rows were filtered to historical_as_of before indicator calculation.
M1_pilot_aapl_2023q4_4w_v1,20260813T233409151461Z_2e842979,AAPL,2023-10-27,yfinance.ohlcv_cache,POINT_IN_TIME,used,,2023-10-27,2023-10-27T00:00:00+00:00,2023-10-27T00:00:00+00:00,Rows were filtered to historical_as_of before indicator calculation.
M1_pilot_aapl_2023q4_4w_v1,20260813T233409151461Z_2e842979,AAPL,2023-10-27,yfinance.get_indicators,POINT_IN_TIME,used,2023-10-27,2023-10-27,,,
M1_pilot_aapl_2023q4_4w_v1,20260813T233409151461Z_2e842979,AAPL,2023-10-27,yfinance.get_indicators,POINT_IN_TIME,used,2023-10-27,2023-10-27,,,
M1_pilot_aapl_2023q4_4w_v1,20260813T233409151461Z_2e842979,AAPL,2023-10-27,yfinance.get_indicators,POINT_IN_TIME,used,2023-10-27,2023-10-27,,,
M1_pilot_aapl_2023q4_4w_v1,20260813T233409151461Z_2e842979,AAPL,2023-10-27,yfinance.get_indicators,POINT_IN_TIME,used,2023-10-27,2023-10-27,,,
M1_pilot_aapl_2023q4_4w_v1,20260813T233409151461Z_2e842979,AAPL,2023-10-27,finmultitime.frozen_evidence_packet,POINT_IN_TIME,used,2023-10-27,2023-10-27,,,exact frozen routed projection delivered to analyst-local prompt
M1_pilot_aapl_2023q4_4w_v1,20260813T233409151461Z_2e842979,AAPL,2023-10-27,yfinance.get_news,APPROXIMATE,unavailable,2023-10-20,2023-10-27,,,No timestamped Yahoo Finance articles remained after the strict historical window/as_of filter; archive completeness is not guaranteed.
M1_pilot_aapl_2023q4_4w_v1,20260813T233409151461Z_2e842979,AAPL,2023-10-27,yfinance.get_news,APPROXIMATE,unavailable,2023-10-20,2023-10-27,,,Yahoo Finance news is an incomplete archive for requested window 2023-10-20 to 2023-10-27; No timestamped Yahoo Finance articles remained after the strict historical window/as_of filter; archive completeness is not guaranteed.
M1_pilot_aapl_2023q4_4w_v1,20260813T233409151461Z_2e842979,AAPL,2023-10-27,stocktwits,LIVE_ONLY,blocked,,,,,StockTwits is a live-only source and was disabled for historical analysis.
M1_pilot_aapl_2023q4_4w_v1,20260813T233409151461Z_2e842979,AAPL,2023-10-27,reddit,LIVE_ONLY,blocked,,,,,Reddit is a live-only source and was disabled for historical analysis.
M1_pilot_aapl_2023q4_4w_v1,20260813T233409151461Z_2e842979,AAPL,2023-10-27,finmultitime.frozen_evidence_packet,POINT_IN_TIME,used,2023-10-27,2023-10-27,,,exact frozen routed projection delivered to analyst-local prompt
M1_pilot_aapl_2023q4_4w_v1,20260813T233409151461Z_2e842979,AAPL,2023-10-27,yfinance.get_global_news,APPROXIMATE,unavailable,2023-10-20,2023-10-27,,,No timestamped Yahoo Finance articles remained after the strict historical window/as_of filter; archive completeness is not guaranteed.
M1_pilot_aapl_2023q4_4w_v1,20260813T233409151461Z_2e842979,AAPL,2023-10-27,yfinance.get_global_news,APPROXIMATE,unavailable,2023-10-27,2023-10-27,,,Yahoo Finance global news was unavailable for requested window 2023-10-20 to 2023-10-27; No timestamped Yahoo Finance articles remained after the strict historical window/as_of filter; archive completeness is not guaranteed.
M1_pilot_aapl_2023q4_4w_v1,20260813T233409151461Z_2e842979,AAPL,2023-10-27,fred.get_macro_indicators,LIVE_ONLY,blocked,2023-10-27,2023-10-27,,,fred is a LIVE_ONLY source and was disabled before its network request; historical publication availability cannot be proven.
M1_pilot_aapl_2023q4_4w_v1,20260813T233409151461Z_2e842979,AAPL,2023-10-27,fred.get_macro_indicators,LIVE_ONLY,blocked,2023-10-27,2023-10-27,,,fred is a LIVE_ONLY source and was disabled before its network request; historical publication availability cannot be proven.
M1_pilot_aapl_2023q4_4w_v1,20260813T233409151461Z_2e842979,AAPL,2023-10-27,fred.get_macro_indicators,LIVE_ONLY,blocked,2023-10-27,2023-10-27,,,fred is a LIVE_ONLY source and was disabled before its network request; historical publication availability cannot be proven.
M1_pilot_aapl_2023q4_4w_v1,20260813T233409151461Z_2e842979,AAPL,2023-10-27,polymarket.get_prediction_markets,LIVE_ONLY,blocked,,,,,polymarket is a LIVE_ONLY source and was disabled before its network request; historical publication availability cannot be proven.
M1_pilot_aapl_2023q4_4w_v1,20260813T233409151461Z_2e842979,AAPL,2023-10-27,polymarket.get_prediction_markets,LIVE_ONLY,blocked,,,,,polymarket is a LIVE_ONLY source and was disabled before its network request; historical publication availability cannot be proven.
M1_pilot_aapl_2023q4_4w_v1,20260813T233409151461Z_2e842979,AAPL,2023-10-27,fred.get_macro_indicators,LIVE_ONLY,blocked,2023-10-27,2023-10-27,,,fred is a LIVE_ONLY source and was disabled before its network request; historical publication availability cannot be proven.
M1_pilot_aapl_2023q4_4w_v1,20260813T233409151461Z_2e842979,AAPL,2023-10-27,yfinance.get_news,APPROXIMATE,unavailable,2023-10-20,2023-10-27,,,No timestamped Yahoo Finance articles remained after the strict historical window/as_of filter; archive completeness is not guaranteed.
M1_pilot_aapl_2023q4_4w_v1,20260813T233409151461Z_2e842979,AAPL,2023-10-27,yfinance.get_news,APPROXIMATE,unavailable,2023-10-20,2023-10-27,,,Yahoo Finance news is an incomplete archive for requested window 2023-10-20 to 2023-10-27; No timestamped Yahoo Finance articles remained after the strict historical window/as_of filter; archive completeness is not guaranteed.
M1_pilot_aapl_2023q4_4w_v1,20260813T233409151461Z_2e842979,AAPL,2023-10-27,finmultitime.frozen_evidence_packet,POINT_IN_TIME,used,2023-10-27,2023-10-27,,,exact frozen routed projection delivered to analyst-local prompt
M1_pilot_aapl_2023q4_4w_v1,20260813T233409151461Z_2e842979,AAPL,2023-10-27,yfinance.get_global_news,APPROXIMATE,unavailable,2023-09-27,2023-10-27,,,No timestamped Yahoo Finance articles remained after the strict historical window/as_of filter; archive completeness is not guaranteed.
M1_pilot_aapl_2023q4_4w_v1,20260813T233409151461Z_2e842979,AAPL,2023-10-27,yfinance.get_global_news,APPROXIMATE,unavailable,2023-10-27,2023-10-27,,,Yahoo Finance global news was unavailable for requested window 2023-09-27 to 2023-10-27; No timestamped Yahoo Finance articles remained after the strict historical window/as_of filter; archive completeness is not guaranteed.
M1_pilot_aapl_2023q4_4w_v1,20260813T233409151461Z_2e842979,AAPL,2023-10-27,fred.get_macro_indicators,LIVE_ONLY,blocked,2023-10-27,2023-10-27,,,fred is a LIVE_ONLY source and was disabled before its network request; historical publication availability cannot be proven.
M1_pilot_aapl_2023q4_4w_v1,20260813T233409151461Z_2e842979,AAPL,2023-10-27,fred.get_macro_indicators,LIVE_ONLY,blocked,2023-10-27,2023-10-27,,,fred is a LIVE_ONLY source and was disabled before its network request; historical publication availability cannot be proven.
M1_pilot_aapl_2023q4_4w_v1,20260813T233409151461Z_2e842979,AAPL,2023-10-27,yfinance.get_news,APPROXIMATE,unavailable,2023-10-01,2023-10-27,,,No timestamped Yahoo Finance articles remained after the strict historical window/as_of filter; archive completeness is not guaranteed.
M1_pilot_aapl_2023q4_4w_v1,20260813T233409151461Z_2e842979,AAPL,2023-10-27,yfinance.get_news,APPROXIMATE,unavailable,2023-10-01,2023-10-27,,,Yahoo Finance news is an incomplete archive for requested window 2023-10-01 to 2023-10-27; No timestamped Yahoo Finance articles remained after the strict historical window/as_of filter; archive completeness is not guaranteed.
M1_pilot_aapl_2023q4_4w_v1,20260813T233409151461Z_2e842979,AAPL,2023-10-27,finmultitime.frozen_evidence_packet,POINT_IN_TIME,used,2023-10-27,2023-10-27,,,exact frozen routed projection delivered to analyst-local prompt
M1_pilot_aapl_2023q4_4w_v1,20260813T233409151461Z_2e842979,AAPL,2023-10-27,finmultitime.frozen_evidence_packet,POINT_IN_TIME,used,2023-10-27,2023-10-27,,,exact frozen routed projection delivered to analyst-local prompt
M1_pilot_aapl_2023q4_4w_v1,20260813T233409151461Z_2e842979,AAPL,2023-10-27,yfinance.get_fundamentals,LIVE_ONLY,blocked,2023-10-27,2023-10-27,,,yfinance is a LIVE_ONLY source and was disabled before its network request; historical publication availability cannot be proven.
M1_pilot_aapl_2023q4_4w_v1,20260813T233409151461Z_2e842979,AAPL,2023-10-27,yfinance.get_balance_sheet,LIVE_ONLY,blocked,2023-10-27,2023-10-27,,,yfinance is a LIVE_ONLY source and was disabled before its network request; historical publication availability cannot be proven.
M1_pilot_aapl_2023q4_4w_v1,20260813T233409151461Z_2e842979,AAPL,2023-10-27,yfinance.get_cashflow,LIVE_ONLY,blocked,2023-10-27,2023-10-27,,,yfinance is a LIVE_ONLY source and was disabled before its network request; historical publication availability cannot be proven.
M1_pilot_aapl_2023q4_4w_v1,20260813T233409151461Z_2e842979,AAPL,2023-10-27,yfinance.get_income_statement,LIVE_ONLY,blocked,2023-10-27,2023-10-27,,,yfinance is a LIVE_ONLY source and was disabled before its network request; historical publication availability cannot be proven.
M1_pilot_aapl_2023q4_4w_v1,20260813T233409151461Z_2e842979,AAPL,2023-10-27,finmultitime.frozen_evidence_packet,POINT_IN_TIME,used,2023-10-27,2023-10-27,,,exact frozen routed projection delivered to analyst-local prompt
M1_pilot_aapl_2023q4_4w_v1,20260813T233409151461Z_2e842979,AAPL,2023-10-27,yfinance.get_balance_sheet,LIVE_ONLY,blocked,2023-10-27,2023-10-27,,,yfinance is a LIVE_ONLY source and was disabled before its network request; historical publication availability cannot be proven.
M1_pilot_aapl_2023q4_4w_v1,20260813T233409151461Z_2e842979,AAPL,2023-10-27,yfinance.get_cashflow,LIVE_ONLY,blocked,2023-10-27,2023-10-27,,,yfinance is a LIVE_ONLY source and was disabled before its network request; historical publication availability cannot be proven.
M1_pilot_aapl_2023q4_4w_v1,20260813T233409151461Z_2e842979,AAPL,2023-10-27,yfinance.get_income_statement,LIVE_ONLY,blocked,2023-10-27,2023-10-27,,,yfinance is a LIVE_ONLY source and was disabled before its network request; historical publication availability cannot be proven.
M1_pilot_aapl_2023q4_4w_v1,20260813T233409151461Z_2e842979,AAPL,2023-10-27,finmultitime.frozen_evidence_packet,POINT_IN_TIME,used,2023-10-27,2023-10-27,,,exact frozen routed projection delivered to analyst-local prompt
