Date,Open,High,Low,Close,Volume,Dividends,Stock Splits
2023-01-04,86.55000305,86.98000336,83.36000061,85.13999939,68885100,0,0
2023-01-05,85.33000183,85.41999817,83.06999969,83.12000275,67930800,0,0
2023-01-06,83.02999878,86.40000153,81.43000031,86.08000183,83303400,0,0
2023-01-09,87.45999908,89.48000336,87.08000183,87.36000061,65266100,0,0
2023-01-10,87.56999969,90.19000244,87.29000092,89.87000275,67756600,0,0
2023-01-11,90.93000031,95.26000214,90.93000031,95.08999634,103126200,0,0
2023-01-12,96.93000031,97.19000244,93.5,95.26999664,85254800,0,0
2023-01-13,94.18000031,98.37000275,94.12000275,98.12000275,85549400,0,0
2023-01-17,98.68000031,98.88999939,95.73000336,96.05000305,72755000,0,0
2023-01-18,97.25,99.31999969,95.37999725,95.45999908,79570400,0,0
2023-01-19,94.73999786,95.44000244,92.86000061,93.68000031,69002700,0,0
2023-01-20,93.86000061,97.34999847,93.19999695,97.25,67481500,0,0
2023-01-23,97.55999756,97.77999878,95.86000061,97.51999664,76501100,0,0
2023-01-24,96.93000031,98.08999634,96,96.31999969,66929500,0,0
2023-01-25,92.55999756,97.23999786,91.51999664,97.18000031,94261600,0,0
2023-01-26,98.23999786,99.48999786,96.91999817,99.22000122,68523600,0,0
2023-01-27,99.52999878,103.4899979,99.52999878,102.2399979,87775600,0,0
2023-01-30,101.0899963,101.7399979,99.01000214,100.5500031,70691900,0,0
2023-01-31,101.1600037,103.3499985,101.1399994,103.1299973,66527300,0,0
2023-02-01,102.5299988,106.2399979,101.2399979,105.1500015,80450100,0,0
2023-02-02,110.25,114,108.8799973,112.9100037,158154200,0,0
2023-02-03,105.2600021,108.7799988,102.5199966,103.3899994,144374800,0,0
2023-02-06,102.9300003,103.9499969,100.6500015,102.1800003,81945200,0,0
2023-02-07,101.1699982,102.4100037,98.08000183,102.1100006,119501300,0,0
2023-02-08,102.0400009,102.6699982,98.77999878,100.0500031,75878300,0,0
2023-02-09,101.3199997,101.7799988,97.56999969,98.23999786,64622500,0,0
2023-02-10,97.55999756,98.81999969,96.23000336,97.61000061,52740100,0,0
2023-02-13,97.84999847,99.68000031,96.91000366,99.54000092,52841500,0,0
2023-02-14,98.41000366,100.9199982,97.51999664,99.69999695,56202900,0,0
2023-02-15,99.08999634,101.1699982,98.44999695,101.1600037,47957600,0,0
2023-02-16,99.20999908,100.6299973,98.09999847,98.15000153,56339200,0,0
2023-02-17,97.80000305,97.94000244,95.65000153,97.19999695,60029400,0,0
2023-02-21,95.33999634,95.61000061,94.26999664,94.58000183,56580400,0,0
2023-02-22,95.09999847,97.01000214,94.80000305,95.79000092,59534100,0,0
2023-02-23,96.12000275,96.43000031,93.66999817,95.81999969,48467000,0,0
2023-02-24,93.52999878,94.13999939,92.31999969,93.5,57053800,0,0
2023-02-27,94.27999878,94.77999878,93.13999939,93.76000214,47470300,0,0
2023-02-28,93.13999939,94.69000244,92.91999817,94.23000336,43959300,0,0
2023-03-01,93.87000275,94.68000031,91.58999634,92.16999817,52299500,0,0
2023-03-02,91.41000366,92.23000336,90.38999939,92.12999725,55509400,0,0
2023-03-03,92.73999786,94.94000244,92.66000366,94.90000153,55759600,0,0
2023-03-06,95.19000244,96.55000305,93.73999786,93.75,52112400,0,0
2023-03-07,94.05999756,95.08999634,92.77999878,93.55000305,49100700,0,0
2023-03-08,93.59999847,94.16999817,92.18000031,93.91999817,44899100,0,0
2023-03-09,93.68000031,96.20999908,92.18000031,92.25,56218700,0,0
2023-03-10,92.66999817,93.56999969,90.25,90.73000336,69827500,0,0
2023-03-13,89.97000122,94.01999664,88.12000275,92.43000031,72397100,0,0
2023-03-14,93.83000183,95.06999969,92.70999908,94.87999725,60912700,0,0
2023-03-15,93.22000122,96.66999817,93.06999969,96.19999695,70731800,0,0
2023-03-16,95.75,100.9899979,95.61000061,100.0400009,84446900,0,0
2023-03-17,99.79000092,100.6600037,97.45999908,98.94999695,87300200,0,0
2023-03-20,98.41000366,98.48000336,95.69999695,97.70999908,62388900,0,0
2023-03-21,98.13999939,100.8499985,98,100.6100006,58597300,0,0
2023-03-22,100.4499969,102.0999985,98.61000061,98.69999695,57475400,0,0
2023-03-23,100.4300003,101.0599976,97.62000275,98.70999908,57559300,0,0
2023-03-24,98.06999969,98.30000305,96.40000153,98.12999725,56095400,0,0
2023-03-27,99.06999969,99.33999634,97.08000183,98.04000092,46721300,0,0
2023-03-28,98.11000061,98.44000244,96.29000092,97.23999786,38720100,0,0
2023-03-29,98.69000244,100.4199982,98.55999756,100.25,49783300,0,0
2023-03-30,101.5500031,103.0400009,101.0100021,102,53633400,0,0
2023-03-31,102.1600037,103.4899979,101.9499969,103.2900009,56750300,0,0
2023-04-03,102.3000031,103.2900009,101.4300003,102.4100037,41135700,0,0
2023-04-04,102.75,104.1999969,102.1100006,103.9499969,48662500,0,0
2023-04-05,103.9100037,103.9100037,100.75,101.0999985,45175400,0,0
2023-04-06,100.75,102.3799973,99.80000305,102.0599976,43808000,0,0
2023-04-10,100.9599991,102.1999969,99.56999969,102.1699982,37261200,0,0
2023-04-11,100.8000031,101,99.01000214,99.91999817,60417800,0,0
2023-04-12,100.4000015,100.5100021,97.70999908,97.83000183,56735000,0,0
2023-04-13,98.94999695,102.5699997,98.70999908,102.4000015,67925100,0,0
2023-04-14,102.0699997,103.1999969,101.1100006,102.5100021,51450500,0,0
2023-04-17,103.1600037,103.7300034,101.5899963,102.7399979,39919500,0,0
2023-04-18,103.9499969,104.1999969,101.5199966,102.3000031,39790500,0,0
2023-04-19,101.5800018,105.1200027,101.3899994,104.3000031,58398900,0,0
2023-04-20,103.5299988,105.25,103.2099991,103.8099976,57696900,0,0
2023-04-21,106.0999985,108.1500015,105.0800018,106.9599991,86774200,0,0
2023-04-24,107.6600037,109.2300034,105.0699997,106.2099991,69575600,0,0
2023-04-25,104.9100037,105.4499969,102.4499969,102.5699997,65026800,0,0
2023-04-26,105.0400009,106.6200027,104.0999985,104.9800034,73803800,0,0
2023-04-27,108.1600037,110.8600006,106.8000031,109.8199997,149961200,0,0
2023-04-28,107.7300034,109.4800034,104.3300018,105.4499969,130715900,0,0
2023-05-01,104.9499969,105.2300034,101.8199997,102.0500031,74728100,0,0
2023-05-02,101.4700012,103.9000015,101.1500015,103.6299973,73469400,0,0
2023-05-03,103.7399979,105.9599991,103.2799988,103.6500015,65051900,0,0
2023-05-04,104.0400009,105.3899994,103.3099976,104,45345500,0,0
2023-05-05,104.2699966,105.7600021,103.5500031,105.6600037,56951700,0,0
2023-05-08,105.0400009,106.0999985,104.6999969,105.8300018,49430900,0,0
2023-05-09,105.4800034,106.7900009,105.1600037,106.6200027,44089400,0,0
2023-05-10,108.0999985,110.6699982,108.0500031,110.1900024,78627600,0,0
2023-05-11,111.0299988,113.2799988,110.4899979,112.1800003,74924800,0,0
2023-05-12,112.1600037,112.6399994,109.3199997,110.2600021,49852700,0,0
2023-05-15,111.1500015,112.2900009,109.25,111.1999969,53011100,0,0
2023-05-16,111.0500031,114.7900009,111.0500031,113.4000015,71472900,0,0
2023-05-17,114.8899994,115.8300018,114.2200012,115.5,65655200,0,0
2023-05-18,116.6900024,118.5999985,116.3399963,118.1500015,73174100,0,0
2023-05-19,118.1600037,118.3099976,115.6999969,116.25,55056300,0,0
2023-05-22,116.7699966,116.7699966,114.25,115.0100021,70741100,0,0
2023-05-23,114.2699966,117.1399994,113.7799988,114.9899979,67576300,0,0
2023-05-24,115.3499985,117.3399963,115.0199966,116.75,63487900,0,0
2023-05-25,116.6299973,116.8700027,114.3099976,115,66496700,0,0
2023-05-26,116.0400009,121.5,116.0199966,120.1100006,96779900,0,0
2023-05-30,122.3700027,122.9199982,119.8600006,121.6600037,64314800,0,0
2023-05-31,121.4499969,122.0400009,119.1699982,120.5800018,72800800,0,0
2023-06-01,120.6900024,123.4899979,119.9300003,122.7699966,54375100,0,0
2023-06-02,124.9199982,126.3899994,124.0199966,124.25,61264400,0,0
2023-06-05,123.3600006,125.8000031,123.0299988,125.3000031,47950100,0,0
2023-06-06,125.0699997,127.4000015,125,126.6100006,45695200,0,0
2023-06-07,127.0100021,127.3700027,120.6299973,121.2300034,95663300,0,0
2023-06-08,123.0100021,125.6299973,122.2600021,124.25,62159300,0,0
2023-06-09,124.0800018,125.8000031,123.1900024,123.4300003,51396000,0,0
2023-06-12,124.0199966,126.7799988,123.5299988,126.5699997,51338000,0,0
2023-06-13,128.1199951,128.4100037,125.1800003,126.6600037,50564800,0,0
2023-06-14,126.6999969,126.9499969,124.1200027,126.4199982,52422500,0,0
2023-06-15,125.2099991,127.6900024,124.3199997,127.1100006,60458500,0,0
2023-06-16,127.7099991,127.9000015,125.3000031,125.4899979,84247100,0,0
2023-06-20,124.9700012,127.25,124.5,125.7799988,56930100,0,0
2023-06-21,125.6399994,126.7300034,123.8499985,124.8300018,52137700,0,0
2023-06-22,125.3099976,130.3300018,125.1399994,130.1499939,90354600,0,0
2023-06-23,129.1100006,130.8399963,128.2799988,129.3300018,71927800,0,0
2023-06-26,129.3300018,131.4900055,127.0999985,127.3300018,59989300,0,0
2023-06-27,128.6300049,130.0899963,127.5500031,129.1799927,46801000,0,0
2023-06-28,128.9400024,131.4799957,128.4400024,129.0399933,52149500,0,0
2023-06-29,128.7700043,129.2599945,127.2600021,127.9000015,40761000,0,0
2023-06-30,129.4700012,131.25,128.9499969,130.3600006,54350700,0,0
2023-07-03,130.8200073,131.8500061,130.0700073,130.2200012,28264800,0,0
2023-07-05,130.2400055,131.3999939,129.6399994,130.3800049,35895400,0,0
2023-07-06,128.25,128.7299957,127.3700027,128.3600006,40639900,0,0
2023-07-07,128.5899963,130.9700012,128.1300049,129.7799988,41992300,0,0
2023-07-10,129.0700073,129.2799988,125.9199982,127.1299973,61889300,0,0
2023-07-11,127.75,129.7700043,127.3499985,128.7799988,49951500,0,0
2023-07-12,130.3099976,131.2599945,128.8300018,130.8000031,54022800,0,0
2023-07-13,134.0399933,134.6699982,132.7100067,134.3000031,61170900,0,0
2023-07-14,134.0599976,136.6499939,134.0599976,134.6799927,54487100,0,0
2023-07-17,134.5599976,135.6199951,133.2100067,133.5599976,48450200,0,0
2023-07-18,132.7100067,133.8600006,131.3500061,132.8300018,54882900,0,0
2023-07-19,133.3899994,135.9900055,132.5299988,135.3600006,54531000,0,0
2023-07-20,134.0700073,134.7899933,129.3300018,129.9600067,59820600,0,0
2023-07-21,131.3399963,131.3699951,128.4199982,130,133307300,0,0
2023-07-24,130.3099976,131.6600037,128.3500061,128.8000031,45591100,0,0
2023-07-25,129.3099976,129.5800018,128.5299988,129.1300049,39236700,0,0
2023-07-26,126.5100021,129.0800018,126.1100006,128.1499939,53910100,0,0
2023-07-27,131,132.6300049,127.7900009,128.25,52610700,0,0
2023-07-28,129.6900024,133.0099945,129.3300018,132.2100067,46317400,0,0
2023-07-31,133.1999969,133.8699951,132.3800049,133.6799927,41901500,0,0
2023-08-01,133.5500031,133.6900024,131.6199951,131.6900024,42098500,0,0
2023-08-02,130.1499939,130.2299957,126.8199997,128.2100067,51027600,0,0
2023-08-03,127.4800034,129.8399963,126.4100037,128.9100037,88585200,0,0
2023-08-04,141.0599976,143.6300049,139.3200073,139.5700073,153128500,0,0
2023-08-07,140.9900055,142.5399933,138.9499969,142.2200012,71213100,0,0
2023-08-08,140.6199951,140.8399963,138.4199982,139.9400024,51710500,0,0
2023-08-09,139.9700012,140.3200073,137.1000061,137.8500061,50017300,0,0
2023-08-10,139.0700073,140.4100037,137.4900055,138.5599976,58928400,0,0
2023-08-11,137.3999939,139.3300018,137,138.4100037,42905800,0,0
2023-08-14,138.3000031,140.5899963,137.75,140.5700073,47148700,0,0
2023-08-15,140.0500031,141.2799988,137.2299957,137.6699982,42781500,0,0
2023-08-16,137.1900024,137.2700043,135.0099945,135.0700073,41675900,0,0
2023-08-17,135.4600067,136.0899963,133.5299988,133.9799957,48354100,0,0
2023-08-18,131.6199951,134.0700073,131.1499939,133.2200012,48497700,0,0
2023-08-21,133.7400055,135.1900024,132.7100067,134.6799927,41442500,0,0
2023-08-22,135.0800018,135.6499939,133.7299957,134.25,32905400,0,0
2023-08-23,134.5,135.9499969,133.2200012,135.5200043,42801000,0,0
2023-08-24,136.3999939,136.7799988,131.8300018,131.8399963,43646300,0,0
2023-08-25,132.4700012,133.8699951,130.5800018,133.2599945,44147500,0,0
2023-08-28,133.7799988,133.9499969,131.8500061,133.1399994,34108400,0,0
2023-08-29,133.3800049,135.1399994,133.25,134.9100037,38646100,0,0
2023-08-30,134.9299927,135.6799927,133.9199982,135.0700073,36137000,0,0
2023-08-31,135.0599976,138.7899933,135,138.0099945,58781300,0,0
2023-09-01,139.4600067,139.9600067,136.8800049,138.1199951,40991500,0,0
2023-09-05,137.7299957,137.8000031,135.8200073,137.2700043,40636700,0,0
2023-09-06,136.3200073,137.4499969,134.6100006,135.3600006,41785500,0,0
2023-09-07,133.8999939,138.0299988,133.1600037,137.8500061,48498900,0,0
2023-09-08,136.8600006,138.8500061,136.75,138.2299957,38348200,0,0
2023-09-11,138.75,143.6199951,138.6399994,143.1000061,56764500,0,0
2023-09-12,142.3200073,143,140.6100006,141.2299957,42668500,0,0
2023-09-13,140.9499969,144.9799957,140.8699951,144.8500061,60465200,0,0
2023-09-14,145.0800018,145.8600006,142.9499969,144.7200012,64033600,0,0
2023-09-15,142.6900024,143.5700073,140.0899963,140.3899994,102909300,0,0
2023-09-18,140.4799957,141.75,139.2200012,139.9799957,42823500,0,0
2023-09-19,138.6999969,138.8399963,135.5599976,137.6300049,61482500,0,0
2023-09-20,138.5500031,139.3699951,135.1999969,135.2899933,46263700,0,0
2023-09-21,131.9400024,132.2400055,129.3099976,129.3300018,70343300,0,0
2023-09-22,131.1100006,132.0299988,128.5200043,129.1199951,59904300,0,0
2023-09-25,129.3600006,131.7799988,128.7700043,131.2700043,46017800,0,0
2023-09-26,130.1199951,130.3899994,125.2799988,125.9800034,73048200,0,0
2023-09-27,125.7600021,127.4800034,124.1299973,125.9800034,66553400,0,0
2023-09-28,124.0400009,126.5800018,123.0400009,125.9800034,54555000,0,0
2023-09-29,128.1999969,129.1499939,126.3199997,127.1200027,62411700,0,0
2023-10-02,127.2799988,130.4700012,126.5400009,129.4600067,48029700,0,0
2023-10-03,128.0599976,128.5200043,124.25,124.7200012,51565000,0,0
2023-10-04,126.0599976,127.3600006,125.6800003,127,44203900,0,0
2023-10-05,126.7099991,126.7300034,124.3300018,125.9599991,39660600,0,0
2023-10-06,124.1600037,128.4499969,124.1299973,127.9599991,46836700,0,0
2023-10-09,126.2200012,128.7899933,124.7600021,128.2599945,38773700,0,0
2023-10-10,128.8200073,130.7400055,128.0500031,129.4799957,42178600,0,0
2023-10-11,129.7400055,132.0500031,129.6100006,131.8300018,40741800,0,0
2023-10-12,132.1699982,134.4799957,131.2299957,132.3300018,55528600,0,0
2023-10-13,132.9799957,133.3099976,128.9499969,129.7899933,45786600,0,0
2023-10-16,130.6900024,133.0700073,130.4299927,132.5500031,42832900,0,0
2023-10-17,130.3899994,132.5800018,128.7100067,131.4700012,49344600,0,0
2023-10-18,129.8999939,130.6699982,127.5100021,128.1300049,42699500,0,0
2023-10-19,130.5700073,132.2400055,127.4700012,128.3999939,60961400,0,0
2023-10-20,128.0500031,128.1699982,124.9700012,125.1699982,56406400,0,0
2023-10-23,124.6299973,127.8799973,123.9800034,126.5599976,48260000,0,0
2023-10-24,127.7399979,128.8000031,126.3399963,128.5599976,46477400,0,0
2023-10-25,126.0400009,126.3399963,120.7900009,121.3899994,74577500,0,0
2023-10-26,120.6299973,121.6399994,118.3499985,119.5699997,100419500,0,0
2023-10-27,126.1999969,130.0200043,125.5199966,127.7399979,125309300,0,0
2023-10-30,129.7200012,133,128.5599976,132.7100067,72485500,0,0
2023-10-31,132.75,133.5700073,131.7100067,133.0899963,51589400,0,0
2023-11-01,133.9600067,137.3500061,133.7100067,137,61529400,0,0
2023-11-02,138.7299957,138.8099976,136.4700012,138.0700073,52236700,0,0
2023-11-03,138.9900055,139.4900055,137.4499969,138.6000061,44059800,0,0
2023-11-06,138.7599945,140.7299957,138.3600006,139.7400055,44970400,0,0
2023-11-07,140.5500031,143.3699951,140.5,142.7100067,53553500,0,0
2023-11-08,142.9700012,143.1199951,141.2200012,142.0800018,44521700,0,0
2023-11-09,142.0200043,142.6499939,139.8399963,140.6000061,36235400,0,0
2023-11-10,140.4600067,143.6499939,139.9100037,143.5599976,49287800,0,0
2023-11-13,142.0800018,143.2299957,140.6699982,142.5899963,35680600,0,0
2023-11-14,145,147.2599945,144.6799927,145.8000031,56674600,0,0
2023-11-15,147.0599976,147.2899933,142.5899963,143.1999969,63875700,0,0
2023-11-16,140.9100037,143.3200073,139.5200043,142.8300018,49653500,0,0
2023-11-17,142.6600037,145.2299957,142.5399933,145.1799927,49636700,0,0
2023-11-20,145.1300049,146.6300049,144.7299957,146.1300049,41951200,0,0
2023-11-21,143.9100037,144.0500031,141.5,143.8999939,71226000,0,0
2023-11-22,144.5700073,147.7400055,144.5700073,146.7100067,45669100,0,0
2023-11-24,146.6999969,147.1999969,145.3200073,146.7400055,22378400,0,0
2023-11-27,147.5299988,149.2599945,146.8800049,147.7299957,53762400,0,0
2023-11-28,146.9799957,147.6000061,145.5299988,147.0299988,42711700,0,0
2023-11-29,147.8500061,148.5399933,145.9700012,146.3200073,40610900,0,0
2023-11-30,144.7599945,146.9299927,144.3300018,146.0899963,65814000,0,0
2023-12-01,146,147.25,145.5500031,147.0299988,39951800,0,0
2023-12-04,145.25,145.3500061,142.8099976,144.8399963,48294200,0,0
2023-12-05,143.5500031,148.5700073,143.1300049,146.8800049,46822400,0,0
2023-12-06,147.5800018,147.8500061,144.2799988,144.5200043,39679000,0,0
2023-12-07,146.1499939,147.9199982,145.3399963,146.8800049,52352800,0,0
2023-12-08,145.4799957,147.8399963,145.3999939,147.4199982,41906000,0,0
2023-12-11,145.6600037,146.1900024,143.6399994,145.8899994,50907300,0,0
2023-12-12,145.5200043,147.5,145.3000031,147.4799957,44944300,0,0
2023-12-13,148.1199951,149.4600067,146.8200073,148.8399963,52766200,0,0
2023-12-14,149.9299927,150.5399933,145.5200043,147.4199982,58400800,0,0
2023-12-15,148.3800049,150.5700073,147.8800049,149.9700012,110089300,0,0
2023-12-18,150.5599976,154.8500061,150.0500031,154.0700073,62512800,0,0
2023-12-19,154.3999939,155.1199951,152.6900024,153.7899933,43171300,0,0
2023-12-20,152.8999939,155.6300049,151.5599976,152.1199951,50322100,0,0
2023-12-21,153.3000031,153.9700012,152.1000061,153.8399963,36305700,0,0
2023-12-22,153.7700043,154.3500061,152.7100067,153.4199982,29514100,0,0
2023-12-26,153.5599976,153.9799957,153.0299988,153.4100037,25067200,0,0
2023-12-27,153.5599976,154.7799988,153.1199951,153.3399963,31434700,0,0
2023-12-28,153.7200012,154.0800018,152.9499969,153.3800049,27057000,0,0
2023-12-29,153.1000061,153.8899994,151.0299988,151.9400024,39823200,0,0
2024-01-02,151.5399933,152.3800049,148.3899994,149.9299927,47339400,0,0
2024-01-03,149.1999969,151.0500031,148.3300018,148.4700012,49425500,0,0
2024-01-04,145.5899963,147.3800049,144.0500031,144.5700073,56039800,0,0
2024-01-05,144.6900024,146.5899963,144.5299988,145.2400055,45153100,0,0
2024-01-08,146.7400055,149.3999939,146.1499939,149.1000061,46757100,0,0
2024-01-09,148.3300018,151.7100067,148.2100067,151.3699951,43812600,0,0
2024-01-10,152.0599976,154.4199982,151.8800049,153.7299957,44421800,0,0
2024-01-11,155.0399933,157.1699982,153.1199951,155.1799927,49072700,0,0
2024-01-12,155.3899994,156.1999969,154.0099945,154.6199951,40484200,0,0
2024-01-16,153.5299988,154.9900055,152.1499939,153.1600037,41384600,0,0
2024-01-17,151.4900055,152.1499939,149.9100037,151.7100067,34953400,0,0
2024-01-18,152.7700043,153.7799988,151.8200073,153.5,37850200,0,0
2024-01-19,153.8300018,155.7599945,152.7400055,155.3399963,51651600,0,0
2024-01-22,156.8899994,157.0500031,153.8999939,154.7799988,43687500,0,0
2024-01-23,154.8500061,156.2100067,153.9299927,156.0200043,37986000,0,0
2024-01-24,157.8000031,158.5099945,156.4799957,156.8699951,48547300,0,0
2024-01-25,156.9499969,158.5099945,154.5500031,157.75,43638600,0,0
2024-01-26,158.4199982,160.7200012,157.9100037,159.1199951,51047400,0,0
2024-01-29,159.3399963,161.2899933,158.8999939,161.2599945,45270400,0,0
2024-01-30,160.6999969,161.7299957,158.4900055,159,45207400,0,0
2024-01-31,157,159.0099945,154.8099976,155.1999969,50284400,0,0
2024-02-01,155.8699951,159.7599945,155.6199951,159.2799988,76542400,0,0
2024-02-02,169.1900024,172.5,167.3300018,171.8099976,117218300,0,0
2024-02-05,170.1999969,170.5500031,167.6999969,170.3099976,55081300,0,0
2024-02-06,169.3899994,170.7100067,167.6499939,169.1499939,42505500,0,0
2024-02-07,169.4799957,170.8800049,168.9400024,170.5299988,47174100,0,0
2024-02-08,169.6499939,171.4299927,168.8800049,169.8399963,42316500,0,0
2024-02-09,170.8999939,175,170.5800018,174.4499969,56986000,0,0
2024-02-12,174.8000031,175.3899994,171.5399933,172.3399963,51050400,0,0
2024-02-13,167.7299957,170.9499969,165.75,168.6399994,56345100,0,0
2024-02-14,169.2100067,171.2100067,168.2799988,170.9799957,42815500,0,0
2024-02-15,170.5800018,171.1699982,167.5899963,169.8000031,49855200,0,0
2024-02-16,168.7400055,170.4199982,167.1699982,169.5099945,48107700,0,0
2024-02-20,167.8300018,168.7100067,165.7400055,167.0800018,41980300,0,0
2024-02-21,168.9400024,170.2299957,167.1399994,168.5899963,44420100,0,0
2024-02-22,173.1000061,174.8000031,171.7700043,174.5800018,55392400,0,0
2024-02-23,174.2799988,175.75,173.6999969,174.9900055,59715200,0,0
2024-02-26,175.6999969,176.3699951,174.2599945,174.7299957,44368600,0,0
2024-02-27,174.0800018,174.6199951,172.8600006,173.5399933,31141700,0,0
2024-02-28,172.4400024,174.0500031,172.2700043,173.1600037,28180500,0,0
2024-02-29,173.0099945,177.2200012,172.8500061,176.7599945,53805400,0,0
2024-03-01,176.75,178.7299957,176.0700073,178.2200012,31981200,0,0
2024-03-04,177.5299988,180.1399994,177.4900055,177.5800018,37381500,0,0
2024-03-05,176.9299927,176.9299927,173.3000031,174.1199951,37228300,0,0
2024-03-06,175.5399933,176.4600067,173.2599945,173.5099945,32090900,0,0
2024-03-07,174.8300018,177.9900055,173.7200012,176.8200073,34063300,0,0
2024-03-08,176.4400024,178.7899933,174.3300018,175.3500061,37893200,0,0
2024-03-11,174.3099976,174.4700012,171.4700012,171.9600067,28484800,0,0
2024-03-12,173.5,176.7599945,171.9799957,175.3899994,36610600,0,0
2024-03-13,175.8999939,177.6199951,175.5500031,176.5599976,30772600,0,0
2024-03-14,177.6900024,179.5299988,176.4700012,178.75,43705800,0,0
2024-03-15,176.6399994,177.9299927,173.8999939,174.4199982,72147400,0,0
2024-03-18,175.8000031,176.6900024,174.2799988,174.4799957,31250700,0,0
2024-03-19,174.2200012,176.0899963,173.5200043,175.8999939,26880900,0,0
2024-03-20,176.1399994,178.5299988,174.6399994,178.1499939,29947200,0,0
2024-03-21,179.9900055,181.4199982,178.1499939,178.1499939,32824300,0,0
2024-03-22,177.75,179.2599945,176.75,178.8699951,27995400,0,0
2024-03-25,178.0099945,180.9900055,177.2400055,179.7100067,29815500,0,0
2024-03-26,180.1499939,180.4499969,177.9499969,178.3000031,29659000,0,0
2024-03-27,179.8800049,180,177.3099976,179.8300018,33272600,0,0
2024-03-28,180.1699982,181.6999969,179.2599945,180.3800049,38051600,0,0
2024-04-01,180.7899933,183,179.9499969,180.9700012,29174500,0,0
2024-04-02,179.0700073,180.7899933,178.3800049,180.6900024,32611500,0,0
2024-04-03,179.8999939,182.8699951,179.8000031,182.4100037,31046600,0,0
2024-04-04,184,185.1000061,180,180,41624300,0,0
2024-04-05,182.3800049,186.2700043,181.9700012,185.0700073,42374000,0,0
2024-04-08,186.8999939,187.2899933,184.8099976,185.1900024,39221300,0,0
2024-04-09,187.2400055,187.3399963,184.1999969,185.6699982,36520100,0,0
2024-04-10,182.7700043,186.2700043,182.6699982,185.9499969,35879200,0,0
2024-04-11,186.7400055,189.7700043,185.5099945,189.0500031,40020700,0,0
2024-04-12,187.7200012,188.3800049,185.0800018,186.1300049,38608800,0,0
2024-04-15,187.4299927,188.6900024,183,183.6199951,48052400,0,0
2024-04-16,183.2700043,184.8300018,182.2599945,183.3200073,32891300,0,0
2024-04-17,184.3099976,184.5700073,179.8200073,181.2799988,31359700,0,0
2024-04-18,181.4700012,182.3899994,178.6499939,179.2200012,30723800,0,0
2024-04-19,178.7400055,179,173.4400024,174.6300049,56000700,0,0
2024-04-22,176.9400024,178.8699951,174.5599976,177.2299957,37924900,0,0
2024-04-23,178.0800018,179.9299927,175.9799957,179.5399933,37046500,0,0
2024-04-24,179.9400024,180.3200073,176.1799927,176.5899963,34185100,0,0
2024-04-25,169.6799927,173.9199982,166.3200073,173.6699982,49249400,0,0
2024-04-26,177.8000031,180.8200073,176.1300049,179.6199951,43919800,0,0
2024-04-29,182.75,183.5299988,179.3899994,180.9600067,54063900,0,0
2024-04-30,181.0899963,182.9900055,174.8000031,175,94639800,0,0
2024-05-01,181.6399994,185.1499939,176.5599976,179,94645100,0,0
2024-05-02,180.8500061,185.1000061,179.9100037,184.7200012,54303500,0,0
2024-05-03,186.9900055,187.8699951,185.4199982,186.2100067,39172000,0,0
2024-05-06,186.2799988,188.75,184.8000031,188.6999969,34725300,0,0
2024-05-07,188.9199982,189.9400024,187.3099976,188.7599945,34048900,0,0
2024-05-08,187.4400024,188.4299927,186.3899994,188,26136400,0,0
2024-05-09,188.8800049,191.6999969,187.4400024,189.5,43368400,0,0
2024-05-10,189.1600037,189.8899994,186.9299927,187.4799957,34141800,0,0
2024-05-13,188,188.3099976,185.3600006,186.5700073,24898600,0,0
2024-05-14,183.8200073,187.7200012,183.4499969,187.0700073,38698200,0,0
2024-05-15,185.9700012,186.7200012,182.7299957,185.9900055,75459900,0,0
2024-05-16,185.6000061,187.3099976,183.4600067,183.6300049,38834500,0,0
2024-05-17,183.7599945,185.3000031,183.3500061,184.6999969,33175700,0,0
2024-05-20,184.3399963,186.6699982,183.2799988,183.5399933,30511800,0,0
2024-05-21,182.3000031,183.2599945,180.75,183.1499939,50839100,0,0
2024-05-22,183.8800049,185.2200012,181.9700012,183.1300049,28148800,0,0
2024-05-23,183.6600037,184.7599945,180.0800018,181.0500031,33670200,0,0
2024-05-24,181.6499939,182.4400024,180.3000031,180.75,27471600,0,0
2024-05-28,179.9299927,182.2400055,179.4900055,182.1499939,29927000,0,0
2024-05-29,181.6999969,184.0800018,181.5500031,182.0200043,32009300,0,0
2024-05-30,181.3099976,181.3399963,178.3600006,179.3200073,29184700,0,0
2024-05-31,178.3000031,179.2100067,173.8699951,176.4400024,58903900,0,0
2024-06-03,177.6999969,178.6999969,175.9199982,178.3399963,30786600,0,0
2024-06-04,177.6399994,179.8200073,176.4400024,179.3399963,27198400,0,0
2024-06-05,180.1000061,181.5,178.75,181.2799988,32116400,0,0
2024-06-06,181.75,185,181.4900055,185,31371200,0,0
2024-06-07,184.8999939,186.2899933,183.3600006,184.3000031,28021500,0,0
2024-06-10,184.0700073,187.2299957,183.7899933,187.0599976,34445600,0,0
2024-06-11,187.0599976,187.7700043,184.5399933,187.2299957,27265100,0,0
2024-06-12,188.0200043,188.3500061,185.4299927,186.8899994,33984200,0,0
2024-06-13,186.0899963,187.6699982,182.6699982,183.8300018,39721500,0,0
2024-06-14,183.0800018,183.7200012,182.2299957,183.6600037,25456400,0,0
2024-06-17,182.5200043,185,181.2200012,184.0599976,35601900,0,0
2024-06-18,183.7400055,184.2899933,181.4299927,182.8099976,36659200,0,0
2024-06-20,182.9100037,186.5099945,182.7200012,186.1000061,44726800,0,0
2024-06-21,187.8000031,189.2799988,185.8600006,189.0800018,70792500,0,0
2024-06-24,189.3300018,191,185.3300018,185.5700073,50610400,0,0
2024-06-25,186.8099976,188.8399963,185.4199982,186.3399963,45366400,0,0
2024-06-26,186.9199982,194.8000031,186.2599945,193.6100006,65103900,0,0
2024-06-27,195.0099945,199.8399963,194.1999969,197.8500061,74397500,0,0
2024-06-28,197.7299957,198.8500061,192.5,193.25,76930200,0,0
2024-07-01,193.4900055,198.3000031,192.8200073,197.1999969,41192000,0,0
2024-07-02,197.2799988,200.4299927,195.9299927,200,45600000,0,0
2024-07-03,199.9400024,200.0299988,196.7599945,197.5899963,31597900,0,0
2024-07-05,198.6499939,200.5500031,198.1699982,200,39858900,0,0
