case_id,symbol,split_role,decision_session,state_template,R1_action_spread,R1_best_action_set,R2_action_spread,R2_best_action_set,R3_action_spread,R3_best_action_set,R2_R3_best_set_changed
AAPL:2023-05-05,AAPL,TRAIN,2023-05-05,CASH,0.00091175443531781497,{BUY},0.00091175443531781497,{BUY},0.0091094472691873579,"{HOLD,SELL}",True
AAPL:2023-05-05,AAPL,TRAIN,2023-05-05,LONG,0.0029117546019844951,"{BUY,HOLD}",0.0029117546019844552,"{BUY,HOLD}",0.0029117546019844552,"{BUY,HOLD}",False
AAPL:2023-05-12,AAPL,TRAIN,2023-05-12,CASH,0.010484069032138544,{BUY},0.010484069032138544,{BUY},0.0041694382804974891,{BUY},False
AAPL:2023-05-12,AAPL,TRAIN,2023-05-12,LONG,0.012484069198804945,"{BUY,HOLD}",0.012484069198805087,"{BUY,HOLD}",0.012484069198805087,"{BUY,HOLD}",False
AAPL:2023-05-19,AAPL,TRAIN,2023-05-19,CASH,0.0072999858818416806,{BUY},0.0072999858818416806,{BUY},0.0079710150815187099,"{HOLD,SELL}",True
AAPL:2023-05-19,AAPL,TRAIN,2023-05-19,LONG,0.0092999860485081867,"{BUY,HOLD}",0.0092999860485082839,"{BUY,HOLD}",0.0092999860485082839,"{BUY,HOLD}",False
AAPL:2023-05-26,AAPL,TRAIN,2023-05-26,CASH,0.013697294837115561,{BUY},0.013697294837115561,{BUY},0.0060973630752189515,{BUY},False
AAPL:2023-05-26,AAPL,TRAIN,2023-05-26,LONG,0.015697295003781898,"{BUY,HOLD}",0.015697295003781923,"{BUY,HOLD}",0.015697295003781923,"{BUY,HOLD}",False
AAPL:2023-06-02,AAPL,TRAIN,2023-06-02,CASH,0.010185975724888618,"{HOLD,SELL}",0.010185975724888618,"{HOLD,SELL}",0.036876407013299667,"{HOLD,SELL}",False
AAPL:2023-06-02,AAPL,TRAIN,2023-06-02,LONG,0.0081859755582220587,{SELL},0.0081859755582218974,{SELL},0.0081859755582218974,{SELL},False
AAPL:2023-06-09,AAPL,TRAIN,2023-06-09,CASH,0.01893588310643594,{BUY},0.01893588310643594,{BUY},0.013058766351965248,{BUY},False
AAPL:2023-06-09,AAPL,TRAIN,2023-06-09,LONG,0.020935883273102477,"{BUY,HOLD}",0.020935883273102484,"{BUY,HOLD}",0.020935883273102484,"{BUY,HOLD}",False
AAPL:2023-06-16,AAPL,TRAIN,2023-06-16,CASH,0.0036529340369739018,{BUY},0.0036529340369739018,{BUY},0.0056414390463214708,"{HOLD,SELL}",True
AAPL:2023-06-16,AAPL,TRAIN,2023-06-16,LONG,0.0056529342036401552,"{BUY,HOLD}",0.0056529342036401083,"{BUY,HOLD}",0.0056529342036401083,"{BUY,HOLD}",False
AAPL:2023-06-30,AAPL,VALIDATION,2023-06-30,CASH,0.028041844603323336,"{HOLD,SELL}",0.028041844603323336,"{HOLD,SELL}",0.055083939123344874,"{HOLD,SELL}",False
AAPL:2023-06-30,AAPL,VALIDATION,2023-06-30,LONG,0.02604184443665709,{SELL},0.026041844436657031,{SELL},0.026041844436657031,{SELL},False
AAPL:2023-07-07,AAPL,VALIDATION,2023-07-07,CASH,0.0065276333295708746,{BUY},0.0065276333295708746,{BUY},0.00027334511224582584,{BUY},False
AAPL:2023-07-07,AAPL,VALIDATION,2023-07-07,LONG,0.0085276334962377017,"{BUY,HOLD}",0.008527633496237693,"{BUY,HOLD}",0.008527633496237693,"{BUY,HOLD}",False
AEMD:2023-05-05,AEMD,TRAIN,2023-05-05,CASH,0.06162437189973681,"{HOLD,SELL}",0.06162437189973681,"{HOLD,SELL}",0.21115610587070066,"{HOLD,SELL}",False
AEMD:2023-05-05,AEMD,TRAIN,2023-05-05,LONG,0.059624371733070405,{SELL},0.059624371733070482,{SELL},0.059624371733070482,{SELL},False
AEMD:2023-05-12,AEMD,TRAIN,2023-05-12,CASH,0.00099975008330204017,"{HOLD,SELL}",0.00099975008330204017,"{HOLD,SELL}",0.063520107064635969,"{HOLD,SELL}",False
AEMD:2023-05-12,AEMD,TRAIN,2023-05-12,LONG,0.0010002500833646729,"{BUY,HOLD}",0.0010002500833646729,"{BUY,HOLD}",0.0010002500833646729,"{BUY,HOLD}",False
AEMD:2023-05-19,AEMD,TRAIN,2023-05-19,CASH,0.00099975008330204017,"{HOLD,SELL}",0.00099975008330204017,"{HOLD,SELL}",0.065538271220873218,"{HOLD,SELL}",False
AEMD:2023-05-19,AEMD,TRAIN,2023-05-19,LONG,0.0010002500833645618,"{BUY,HOLD}",0.0010002500833645618,"{BUY,HOLD}",0.0010002500833645618,"{BUY,HOLD}",False
AEMD:2023-05-26,AEMD,TRAIN,2023-05-26,CASH,0.091373570047713043,{BUY},0.091373570047713043,{BUY},0.026835048910141865,{BUY},False
AEMD:2023-05-26,AEMD,TRAIN,2023-05-26,LONG,0.093373570214379628,"{BUY,HOLD}",0.093373570214379656,"{BUY,HOLD}",0.093373570214379656,"{BUY,HOLD}",False
AEMD:2023-06-02,AEMD,TRAIN,2023-06-02,CASH,0.088612408606385196,{BUY},0.088612408606385196,{BUY},0.031453994766436559,{BUY},False
AEMD:2023-06-02,AEMD,TRAIN,2023-06-02,LONG,0.090612408773051809,"{BUY,HOLD}",0.090612408773051822,"{BUY,HOLD}",0.090612408773051822,"{BUY,HOLD}",False
AEMD:2023-06-09,AEMD,TRAIN,2023-06-09,CASH,0.083557637944761134,{BUY},0.083557637944761134,{BUY},0.083557637944761134,{BUY},False
AEMD:2023-06-09,AEMD,TRAIN,2023-06-09,LONG,0.085557638111427622,"{BUY,HOLD}",0.085557638111427539,"{BUY,HOLD}",0.085557638111427539,"{BUY,HOLD}",False
AEMD:2023-06-16,AEMD,TRAIN,2023-06-16,CASH,0.025668496998859373,{BUY},0.025668496998859373,{BUY},0.025668496998859373,{BUY},False
AEMD:2023-06-16,AEMD,TRAIN,2023-06-16,LONG,0.027668497165525836,"{BUY,HOLD}",0.027668497165525909,"{BUY,HOLD}",0.027668497165525909,"{BUY,HOLD}",False
AEMD:2023-06-30,AEMD,VALIDATION,2023-06-30,CASH,0.12575195555584182,{BUY},0.12575195555584182,{BUY},0.041194567527778822,{BUY},False
AEMD:2023-06-30,AEMD,VALIDATION,2023-06-30,LONG,0.12775195572250839,"{BUY,HOLD}",0.12775195572250844,"{BUY,HOLD}",0.12775195572250844,"{BUY,HOLD}",False
AEMD:2023-07-07,AEMD,VALIDATION,2023-07-07,CASH,0.00099975008330204017,"{HOLD,SELL}",0.00099975008330204017,"{HOLD,SELL}",0.047519765718194856,"{HOLD,SELL}",False
AEMD:2023-07-07,AEMD,VALIDATION,2023-07-07,LONG,0.0010002500833645618,"{BUY,HOLD}",0.0010002500833645618,"{BUY,HOLD}",0.0010002500833645618,"{BUY,HOLD}",False
AGI:2023-05-05,AGI,TRAIN,2023-05-05,CASH,0.043653267365354409,"{HOLD,SELL}",0.043653267365354409,"{HOLD,SELL}",0.090824896177417042,"{HOLD,SELL}",False
AGI:2023-05-05,AGI,TRAIN,2023-05-05,LONG,0.041653267198687977,{SELL},0.041653267198687803,{SELL},0.041653267198687803,{SELL},False
AGI:2023-05-12,AGI,TRAIN,2023-05-12,CASH,0.054611347842715825,"{HOLD,SELL}",0.054611347842715825,"{HOLD,SELL}",0.12402539397729442,"{HOLD,SELL}",False
AGI:2023-05-12,AGI,TRAIN,2023-05-12,LONG,0.052611347676049219,{SELL},0.052611347676049171,{SELL},0.052611347676049171,{SELL},False
AGI:2023-05-19,AGI,TRAIN,2023-05-19,CASH,0.022574659075556197,"{HOLD,SELL}",0.022574659075556197,"{HOLD,SELL}",0.066249739193547347,"{HOLD,SELL}",False
AGI:2023-05-19,AGI,TRAIN,2023-05-19,LONG,0.020574658908889661,{SELL},0.020574658908889574,{SELL},0.020574658908889574,{SELL},False
AGI:2023-05-26,AGI,TRAIN,2023-05-26,CASH,0.0050400982059147607,"{HOLD,SELL}",0.0050400982059147607,"{HOLD,SELL}",0.028705010682713927,"{HOLD,SELL}",False
AGI:2023-05-26,AGI,TRAIN,2023-05-26,LONG,0.0030400980392483964,{SELL},0.0030400980392483764,{SELL},0.0030400980392483764,{SELL},False
AGI:2023-06-02,AGI,TRAIN,2023-06-02,CASH,0.012849765399442938,{BUY},0.012849765399442938,{BUY},0.012916530245290254,"{HOLD,SELL}",True
AGI:2023-06-02,AGI,TRAIN,2023-06-02,LONG,0.014849765566109664,"{BUY,HOLD}",0.014849765566109641,"{BUY,HOLD}",0.014849765566109641,"{BUY,HOLD}",False
AGI:2023-06-09,AGI,TRAIN,2023-06-09,CASH,0.0062854018134103403,"{HOLD,SELL}",0.0062854018134103403,"{HOLD,SELL}",0.039035395569153045,"{HOLD,SELL}",False
AGI:2023-06-09,AGI,TRAIN,2023-06-09,LONG,0.004285401646743809,{SELL},0.0042854016467437969,{SELL},0.0042854016467437969,{SELL},False
AGI:2023-06-16,AGI,TRAIN,2023-06-16,CASH,0.042303537615004001,"{HOLD,SELL}",0.042303537615004001,"{HOLD,SELL}",0.083607325146706102,"{HOLD,SELL}",False
AGI:2023-06-16,AGI,TRAIN,2023-06-16,LONG,0.04030353744833777,{SELL},0.040303537448337687,{SELL},0.040303537448337687,{SELL},False
AGI:2023-06-30,AGI,VALIDATION,2023-06-30,CASH,0.0057004360219617073,{BUY},0.0057004360219617073,{BUY},0.044943249070856083,"{HOLD,SELL}",True
AGI:2023-06-30,AGI,VALIDATION,2023-06-30,LONG,0.0077004361886281771,"{BUY,HOLD}",0.0077004361886280669,"{BUY,HOLD}",0.0077004361886280669,"{BUY,HOLD}",False
AGI:2023-07-07,AGI,VALIDATION,2023-07-07,CASH,0.096517533222313726,{BUY},0.096517533222313726,{BUY},0.092335241027076465,{BUY},False
AGI:2023-07-07,AGI,VALIDATION,2023-07-07,LONG,0.098517533388980075,"{BUY,HOLD}",0.0985175333889802,"{BUY,HOLD}",0.0985175333889802,"{BUY,HOLD}",False
AMZN:2023-05-05,AMZN,TRAIN,2023-05-05,CASH,0.047500243561421802,{BUY},0.047500243561421802,{BUY},0.030236749014386218,{BUY},False
AMZN:2023-05-05,AMZN,TRAIN,2023-05-05,LONG,0.049500243728088034,"{BUY,HOLD}",0.049500243728088048,"{BUY,HOLD}",0.049500243728088048,"{BUY,HOLD}",False
AMZN:2023-05-12,AMZN,TRAIN,2023-05-12,CASH,0.043862640478681554,{BUY},0.043862640478681554,{BUY},0.027650668617504814,{BUY},False
AMZN:2023-05-12,AMZN,TRAIN,2023-05-12,LONG,0.045862640645348118,"{BUY,HOLD}",0.045862640645348056,"{BUY,HOLD}",0.045862640645348056,"{BUY,HOLD}",False
AMZN:2023-05-19,AMZN,TRAIN,2023-05-19,CASH,0.027202085507962531,{BUY},0.027202085507962531,{BUY},0.01184107633552278,{BUY},False
AMZN:2023-05-19,AMZN,TRAIN,2023-05-19,LONG,0.029202085674629182,"{BUY,HOLD}",0.029202085674629178,"{BUY,HOLD}",0.029202085674629178,"{BUY,HOLD}",False
AMZN:2023-05-26,AMZN,TRAIN,2023-05-26,CASH,0.022661872497534919,{BUY},0.022661872497534919,{BUY},0.0079260564248350898,{BUY},False
AMZN:2023-05-26,AMZN,TRAIN,2023-05-26,LONG,0.024661872664201355,"{BUY,HOLD}",0.024661872664201421,"{BUY,HOLD}",0.024661872664201421,"{BUY,HOLD}",False
AMZN:2023-06-02,AMZN,TRAIN,2023-06-02,CASH,0.00043246857576976957,"{HOLD,SELL}",0.00043246857576976957,"{HOLD,SELL}",0.04385437304253903,"{HOLD,SELL}",False
AMZN:2023-06-02,AMZN,TRAIN,2023-06-02,LONG,0.0015675315908967964,"{BUY,HOLD}",0.0015675315908966613,"{BUY,HOLD}",0.0015675315908966613,"{BUY,HOLD}",False
AMZN:2023-06-09,AMZN,TRAIN,2023-06-09,CASH,0.010783491797714989,{BUY},0.010783491797714989,{BUY},0.0020433088413680661,"{HOLD,SELL}",True
AMZN:2023-06-09,AMZN,TRAIN,2023-06-09,LONG,0.012783491964381442,"{BUY,HOLD}",0.012783491964381581,"{BUY,HOLD}",0.012783491964381581,"{BUY,HOLD}",False
AMZN:2023-06-16,AMZN,TRAIN,2023-06-16,CASH,0.01770868753854114,{BUY},0.01770868753854114,{BUY},0.0041967413111949695,"{HOLD,SELL}",True
AMZN:2023-06-16,AMZN,TRAIN,2023-06-16,LONG,0.019708687705207506,"{BUY,HOLD}",0.019708687705207627,"{BUY,HOLD}",0.019708687705207627,"{BUY,HOLD}",False
AMZN:2023-06-30,AMZN,VALIDATION,2023-06-30,CASH,0.029611974694304016,"{HOLD,SELL}",0.029611974694304016,"{HOLD,SELL}",0.058224199305305979,"{HOLD,SELL}",False
AMZN:2023-06-30,AMZN,VALIDATION,2023-06-30,LONG,0.027611974527637733,{SELL},0.027611974527637608,{SELL},0.027611974527637608,{SELL},False
AMZN:2023-07-07,AMZN,VALIDATION,2023-07-07,CASH,0.041546840601464928,{BUY},0.041546840601464928,{BUY},0.026402054919841694,{BUY},False
AMZN:2023-07-07,AMZN,VALIDATION,2023-07-07,LONG,0.043546840768131055,"{BUY,HOLD}",0.043546840768131166,"{BUY,HOLD}",0.043546840768131166,"{BUY,HOLD}",False
ARR:2023-05-05,ARR,TRAIN,2023-05-05,CASH,0.016873069078962247,"{HOLD,SELL}",0.016873069078962247,"{HOLD,SELL}",0.048371691480968523,"{HOLD,SELL}",False
ARR:2023-05-05,ARR,TRAIN,2023-05-05,LONG,0.014873068912295529,{SELL},0.014873068912295404,{SELL},0.014873068912295404,{SELL},False
ARR:2023-05-12,ARR,TRAIN,2023-05-12,CASH,0.023564778891935211,"{HOLD,SELL}",0.023564778891935211,"{HOLD,SELL}",0.058656115220157318,"{HOLD,SELL}",False
ARR:2023-05-12,ARR,TRAIN,2023-05-12,LONG,0.021564778725268845,{SELL},0.021564778725268751,{SELL},0.021564778725268751,{SELL},False
ARR:2023-05-19,ARR,TRAIN,2023-05-19,CASH,0.013473971613017702,"{HOLD,SELL}",0.013473971613017702,"{HOLD,SELL}",0.066508666558594623,"{HOLD,SELL}",False
ARR:2023-05-19,ARR,TRAIN,2023-05-19,LONG,0.011473971446351303,{SELL},0.011473971446351332,{SELL},0.011473971446351332,{SELL},False
ARR:2023-05-26,ARR,TRAIN,2023-05-26,CASH,0.0551271893351696,{BUY},0.0551271893351696,{BUY},0.049168894890981217,{BUY},False
ARR:2023-05-26,ARR,TRAIN,2023-05-26,LONG,0.057127189501835762,"{BUY,HOLD}",0.057127189501835741,"{BUY,HOLD}",0.057127189501835741,"{BUY,HOLD}",False
ARR:2023-06-02,ARR,TRAIN,2023-06-02,CASH,0.00095144038939485611,{BUY},0.00095144038939485611,{BUY},0.012787750718620461,"{HOLD,SELL}",True
ARR:2023-06-02,ARR,TRAIN,2023-06-02,LONG,0.0029514405560611542,"{BUY,HOLD}",0.0029514405560612735,"{BUY,HOLD}",0.0029514405560612735,"{BUY,HOLD}",False
ARR:2023-06-09,ARR,TRAIN,2023-06-09,CASH,0.027820703267004733,{BUY},0.027820703267004733,{BUY},0.018269546592668443,{BUY},False
ARR:2023-06-09,ARR,TRAIN,2023-06-09,LONG,0.029820703433671585,"{BUY,HOLD}",0.029820703433671582,"{BUY,HOLD}",0.029820703433671582,"{BUY,HOLD}",False
ARR:2023-06-16,ARR,TRAIN,2023-06-16,CASH,0.00099975008330204017,"{HOLD,SELL}",0.00099975008330204017,"{HOLD,SELL}",0.031949966261927906,"{HOLD,SELL}",False
ARR:2023-06-16,ARR,TRAIN,2023-06-16,LONG,0.0010002500833645618,"{BUY,HOLD}",0.0010002500833645618,"{BUY,HOLD}",0.0010002500833645618,"{BUY,HOLD}",False
ARR:2023-06-30,ARR,VALIDATION,2023-06-30,CASH,0.033352728299293401,"{HOLD,SELL}",0.033352728299293401,"{HOLD,SELL}",0.089190166448547575,"{HOLD,SELL}",False
ARR:2023-06-30,ARR,VALIDATION,2023-06-30,LONG,0.031352728132627003,{SELL},0.031352728132627045,{SELL},0.031352728132627045,{SELL},False
ARR:2023-07-07,ARR,VALIDATION,2023-07-07,CASH,0.012673063961018624,"{HOLD,SELL}",0.012673063961018624,"{HOLD,SELL}",0.037795201958788077,"{HOLD,SELL}",False
ARR:2023-07-07,ARR,VALIDATION,2023-07-07,LONG,0.010673063794351956,{SELL},0.010673063794352004,{SELL},0.010673063794352004,{SELL},False
EML:2023-05-05,EML,TRAIN,2023-05-05,CASH,0.023004773273828182,"{HOLD,SELL}",0.023004773273828182,"{HOLD,SELL}",0.045009796464354553,"{HOLD,SELL}",False
EML:2023-05-05,EML,TRAIN,2023-05-05,LONG,0.021004773107161808,{SELL},0.021004773107161805,{SELL},0.021004773107161805,{SELL},False
EML:2023-05-12,EML,TRAIN,2023-05-12,CASH,0.0051926098514222634,"{HOLD,SELL}",0.0051926098514222634,"{HOLD,SELL}",0.015344985565625274,"{HOLD,SELL}",False
EML:2023-05-12,EML,TRAIN,2023-05-12,LONG,0.0031926096847558366,{SELL},0.0031926096847556987,{SELL},0.0031926096847556987,{SELL},False
EML:2023-05-19,EML,TRAIN,2023-05-19,CASH,0.027891054338786993,"{HOLD,SELL}",0.027891054338786993,"{HOLD,SELL}",0.080969527640158953,"{HOLD,SELL}",False
EML:2023-05-19,EML,TRAIN,2023-05-19,LONG,0.025891054172120481,{SELL},0.025891054172120408,{SELL},0.025891054172120408,{SELL},False
EML:2023-05-26,EML,TRAIN,2023-05-26,CASH,0.005235744411923959,"{HOLD,SELL}",0.005235744411923959,"{HOLD,SELL}",0.021674382273888217,"{HOLD,SELL}",False
EML:2023-05-26,EML,TRAIN,2023-05-26,LONG,0.0032357442452575903,{SELL},0.0032357442452575482,{SELL},0.0032357442452575482,{SELL},False
EML:2023-06-02,EML,TRAIN,2023-06-02,CASH,0.046770480786359606,{BUY},0.046770480786359606,{BUY},0.046770480786359606,{BUY},False
EML:2023-06-02,EML,TRAIN,2023-06-02,LONG,0.048770480953026447,"{BUY,HOLD}",0.048770480953026447,"{BUY,HOLD}",0.048770480953026447,"{BUY,HOLD}",False
EML:2023-06-09,EML,TRAIN,2023-06-09,CASH,0.14370573621251828,{BUY},0.14370573621251828,{BUY},0.14370573621251828,{BUY},False
EML:2023-06-09,EML,TRAIN,2023-06-09,LONG,0.1457057363791851,"{BUY,HOLD}",0.14570573637918496,"{BUY,HOLD}",0.14570573637918496,"{BUY,HOLD}",False
EML:2023-06-16,EML,TRAIN,2023-06-16,CASH,0.10533936710171851,"{HOLD,SELL}",0.10533936710171851,"{HOLD,SELL}",0.20967898412013511,"{HOLD,SELL}",False
EML:2023-06-16,EML,TRAIN,2023-06-16,LONG,0.10333936693505204,{SELL},0.10333936693505207,{SELL},0.10333936693505207,{SELL},False
EML:2023-06-30,EML,VALIDATION,2023-06-30,CASH,0.018016492743634913,{BUY},0.018016492743634913,{BUY},0.014137314162930927,{BUY},False
EML:2023-06-30,EML,VALIDATION,2023-06-30,LONG,0.020016492910301501,"{BUY,HOLD}",0.020016492910301505,"{BUY,HOLD}",0.020016492910301505,"{BUY,HOLD}",False
EML:2023-07-07,EML,VALIDATION,2023-07-07,CASH,0.0087906240979022474,"{HOLD,SELL}",0.0087906240979022474,"{HOLD,SELL}",0.030890950797563217,"{HOLD,SELL}",False
EML:2023-07-07,EML,VALIDATION,2023-07-07,LONG,0.0067906239312357872,{SELL},0.0067906239312356832,{SELL},0.0067906239312356832,{SELL},False
JBSS:2023-05-05,JBSS,TRAIN,2023-05-05,CASH,0.042440533661951427,"{HOLD,SELL}",0.042440533661951427,"{HOLD,SELL}",0.083881317240600994,"{HOLD,SELL}",False
JBSS:2023-05-05,JBSS,TRAIN,2023-05-05,LONG,0.040440533495285112,{SELL},0.040440533495285091,{SELL},0.040440533495285091,{SELL},False
JBSS:2023-05-12,JBSS,TRAIN,2023-05-12,CASH,0.0043641649453644666,{BUY},0.0043641649453644666,{BUY},0.005997633338334126,"{HOLD,SELL}",True
JBSS:2023-05-12,JBSS,TRAIN,2023-05-12,LONG,0.0063641651120306623,"{BUY,HOLD}",0.0063641651120307742,"{BUY,HOLD}",0.0063641651120307742,"{BUY,HOLD}",False
JBSS:2023-05-19,JBSS,TRAIN,2023-05-19,CASH,0.037343879039848468,{BUY},0.037343879039848468,{BUY},0.033597235891548095,{BUY},False
JBSS:2023-05-19,JBSS,TRAIN,2023-05-19,LONG,0.039343879206515053,"{BUY,HOLD}",0.039343879206514935,"{BUY,HOLD}",0.039343879206514935,"{BUY,HOLD}",False
JBSS:2023-05-26,JBSS,TRAIN,2023-05-26,CASH,0.01502908298151215,{BUY},0.01502908298151215,{BUY},0.0017593781391716228,"{HOLD,SELL}",True
JBSS:2023-05-26,JBSS,TRAIN,2023-05-26,LONG,0.017029083148178546,"{BUY,HOLD}",0.017029083148178383,"{BUY,HOLD}",0.017029083148178383,"{BUY,HOLD}",False
JBSS:2023-06-02,JBSS,TRAIN,2023-06-02,CASH,0.037658840544012313,{BUY},0.037658840544012313,{BUY},0.029867727289885345,{BUY},False
JBSS:2023-06-02,JBSS,TRAIN,2023-06-02,LONG,0.03965884071067878,"{BUY,HOLD}",0.039658840710678718,"{BUY,HOLD}",0.039658840710678718,"{BUY,HOLD}",False
JBSS:2023-06-09,JBSS,TRAIN,2023-06-09,CASH,0.019362917239933636,{BUY},0.019362917239933636,{BUY},0.0045873530677252531,{BUY},False
JBSS:2023-06-09,JBSS,TRAIN,2023-06-09,LONG,0.021362917406600054,"{BUY,HOLD}",0.021362917406599981,"{BUY,HOLD}",0.021362917406599981,"{BUY,HOLD}",False
JBSS:2023-06-16,JBSS,TRAIN,2023-06-16,CASH,0.002360770281652273,"{HOLD,SELL}",0.002360770281652273,"{HOLD,SELL}",0.014917417062439256,"{HOLD,SELL}",False
JBSS:2023-06-16,JBSS,TRAIN,2023-06-16,LONG,0.00036077011498597653,{SELL},0.00036077011498592362,{SELL},0.00036077011498592362,{SELL},False
JBSS:2023-06-30,JBSS,VALIDATION,2023-06-30,CASH,0.053184014208260362,"{HOLD,SELL}",0.053184014208260362,"{HOLD,SELL}",0.11736784430552519,"{HOLD,SELL}",False
JBSS:2023-06-30,JBSS,VALIDATION,2023-06-30,LONG,0.051184014041593742,{SELL},0.051184014041593721,{SELL},0.051184014041593721,{SELL},False
JBSS:2023-07-07,JBSS,VALIDATION,2023-07-07,CASH,0.020960465207505035,"{HOLD,SELL}",0.020960465207505035,"{HOLD,SELL}",0.049676623932006274,"{HOLD,SELL}",False
JBSS:2023-07-07,JBSS,VALIDATION,2023-07-07,LONG,0.018960465040838467,{SELL},0.018960465040838478,{SELL},0.018960465040838478,{SELL},False
JPM:2023-05-05,JPM,TRAIN,2023-05-05,CASH,0.025965141499279761,"{HOLD,SELL}",0.025965141499279761,"{HOLD,SELL}",0.050930532915257384,"{HOLD,SELL}",False
JPM:2023-05-05,JPM,TRAIN,2023-05-05,LONG,0.023965141332612946,{SELL},0.023965141332612894,{SELL},0.023965141332612894,{SELL},False
JPM:2023-05-12,JPM,TRAIN,2023-05-12,CASH,0.034915526773695485,{BUY},0.034915526773695485,{BUY},0.028163593203215598,{BUY},False
JPM:2023-05-12,JPM,TRAIN,2023-05-12,LONG,0.036915526940362119,"{BUY,HOLD}",0.036915526940361987,"{BUY,HOLD}",0.036915526940361987,"{BUY,HOLD}",False
JPM:2023-05-19,JPM,TRAIN,2023-05-19,CASH,0.030216749242629907,"{HOLD,SELL}",0.030216749242629907,"{HOLD,SELL}",0.071186536155273844,"{HOLD,SELL}",False
JPM:2023-05-19,JPM,TRAIN,2023-05-19,LONG,0.028216749075963245,{SELL},0.028216749075963232,{SELL},0.028216749075963232,{SELL},False
JPM:2023-05-26,JPM,TRAIN,2023-05-26,CASH,0.015601401084986631,{BUY},0.015601401084986631,{BUY},0.0027886921133347918,{BUY},False
JPM:2023-05-26,JPM,TRAIN,2023-05-26,LONG,0.017601401251653354,"{BUY,HOLD}",0.017601401251653388,"{BUY,HOLD}",0.017601401251653388,"{BUY,HOLD}",False
JPM:2023-06-02,JPM,TRAIN,2023-06-02,CASH,0.0054031880960203121,{BUY},0.0054031880960203121,{BUY},0.0019034655519121193,"{HOLD,SELL}",True
JPM:2023-06-02,JPM,TRAIN,2023-06-02,LONG,0.0074031882626869674,"{BUY,HOLD}",0.0074031882626869648,"{BUY,HOLD}",0.0074031882626869648,"{BUY,HOLD}",False
JPM:2023-06-09,JPM,TRAIN,2023-06-09,CASH,0.014405099877498278,{BUY},0.014405099877498278,{BUY},0.010666258925990489,{BUY},False
JPM:2023-06-09,JPM,TRAIN,2023-06-09,LONG,0.016405100044164785,"{BUY,HOLD}",0.016405100044164674,"{BUY,HOLD}",0.016405100044164674,"{BUY,HOLD}",False
JPM:2023-06-16,JPM,TRAIN,2023-06-16,CASH,0.025273462557329207,"{HOLD,SELL}",0.025273462557329207,"{HOLD,SELL}",0.051992840828174833,"{HOLD,SELL}",False
JPM:2023-06-16,JPM,TRAIN,2023-06-16,LONG,0.023273462390662768,{SELL},0.02327346239066282,{SELL},0.02327346239066282,{SELL},False
JPM:2023-06-30,JPM,VALIDATION,2023-06-30,CASH,0.0012734622045042485,"{HOLD,SELL}",0.0012734622045042485,"{HOLD,SELL}",0.017778849213166168,"{HOLD,SELL}",False
JPM:2023-06-30,JPM,VALIDATION,2023-06-30,LONG,0.00072653796216233274,"{BUY,HOLD}",0.00072653796216224232,"{BUY,HOLD}",0.00072653796216224232,"{BUY,HOLD}",False
JPM:2023-07-07,JPM,VALIDATION,2023-07-07,CASH,0.034821555079204577,{BUY},0.034821555079204577,{BUY},0.034821555079204577,{BUY},False
JPM:2023-07-07,JPM,VALIDATION,2023-07-07,LONG,0.036821555245871586,"{BUY,HOLD}",0.03682155524587144,"{BUY,HOLD}",0.03682155524587144,"{BUY,HOLD}",False
