case_id,symbol,split_role,decision_session,execution_session,maturity_session,state_template,action,decision_close_price,pre_execution_equity,terminal_equity,hold_terminal_equity,turnover_notional,commission_cost,slippage_cost,total_cost,action_was_noop,action_mdd,hold_mdd,r3_drawdown_penalty,R1,R2,R3
AAPL:2023-05-05,AAPL,TRAIN,2023-05-05,2023-05-08,2023-05-12,CASH,BUY,173.57000729999999,100000,100091.21702097448,100000,99950.024987506244,49.97501249375312,49.950037475007861,99.925049968760987,False,0.0099711567723342887,0,0.010021201704505173,0.00091175443531781497,0.00091175443531781497,-0.0091094472691873579
AAPL:2023-05-05,AAPL,TRAIN,2023-05-05,2023-05-08,2023-05-12,CASH,HOLD,173.57000729999999,100000,100000,100000,0,0,0,0,True,0,0,0,0,0,0
AAPL:2023-05-05,AAPL,TRAIN,2023-05-05,2023-05-08,2023-05-12,CASH,SELL,173.57000729999999,100000,100000,100000,0,0,0,0,True,0,0,0,0,0,0
AAPL:2023-05-05,AAPL,TRAIN,2023-05-05,2023-05-08,2023-05-12,LONG,BUY,173.57000729999999,99372.004635503632,99562.136332294787,99562.136332294787,0,0,0,0,True,0.0099711567723342887,0.0099711567723342887,0,0.0019115045186200443,0,0
AAPL:2023-05-05,AAPL,TRAIN,2023-05-05,2023-05-08,2023-05-12,LONG,HOLD,173.57000729999999,99372.004635503632,99562.136332294787,99562.136332294787,0,0,0,0,True,0.0099711567723342887,0.0099711567723342887,0,0.0019115045186200443,0,0
AAPL:2023-05-05,AAPL,TRAIN,2023-05-05,2023-05-08,2023-05-12,LONG,SELL,173.57000729999999,99372.004635503632,99272.657473869302,99562.136332294787,99322.318633185889,49.661159316592943,49.686002317744098,99.347161634337041,False,0,0.0099711567723342887,0,-0.0010002500833644506,-0.0029117546019844552,-0.0029117546019844552
AAPL:2023-05-12,AAPL,TRAIN,2023-05-12,2023-05-15,2023-05-19,CASH,BUY,172.57000729999999,100000,101053.92194489627,100000,99950.024987506244,49.97501249375312,49.950037475012948,99.925049968766075,False,0.0062947353702327291,0,0.0063146307516410548,0.010484069032138544,0.010484069032138544,0.0041694382804974891
AAPL:2023-05-12,AAPL,TRAIN,2023-05-12,2023-05-15,2023-05-19,CASH,HOLD,172.57000729999999,100000,100000,100000,0,0,0,0,True,0,0,0,0,0,0
AAPL:2023-05-12,AAPL,TRAIN,2023-05-12,2023-05-15,2023-05-19,CASH,SELL,172.57000729999999,100000,100000,100000,0,0,0,0,True,0,0,0,0,0,0
AAPL:2023-05-12,AAPL,TRAIN,2023-05-12,2023-05-15,2023-05-19,LONG,BUY,172.57000729999999,100341.88814686341,101500.83808914575,101500.83808914575,0,0,0,0,True,0.0062947353702327291,0.0062947353702327291,0,0.011483819115440495,0,0
AAPL:2023-05-12,AAPL,TRAIN,2023-05-12,2023-05-15,2023-05-19,LONG,HOLD,172.57000729999999,100341.88814686341,101500.83808914575,101500.83808914575,0,0,0,0,True,0.0062947353702327291,0.0062947353702327291,0,0.011483819115440495,0,0
AAPL:2023-05-12,AAPL,TRAIN,2023-05-12,2023-05-15,2023-05-19,LONG,SELL,172.57000729999999,100341.88814686341,100241.57134418859,101500.83808914575,100291.71720278998,50.145858601394991,50.17094407342902,100.316802674824,False,0,0.0062947353702327291,0,-0.0010002500833644506,-0.012484069198805087,-0.012484069198805087
AAPL:2023-05-19,AAPL,TRAIN,2023-05-19,2023-05-22,2023-05-26,CASH,BUY,175.1600037,100000,100732.66957330678,100000,99950.024987506244,49.97501249375312,49.950037475014057,99.925049968767183,False,0.015154990510794941,0,0.015271000963360391,0.0072999858818416806,0.0072999858818416806,-0.0079710150815187099
AAPL:2023-05-19,AAPL,TRAIN,2023-05-19,2023-05-22,2023-05-26,CASH,HOLD,175.1600037,100000,100000,100000,0,0,0,0,True,0,0,0,0,0,0
AAPL:2023-05-19,AAPL,TRAIN,2023-05-19,2023-05-22,2023-05-26,CASH,SELL,175.1600037,100000,100000,100000,0,0,0,0,True,0,0,0,0,0,0
AAPL:2023-05-19,AAPL,TRAIN,2023-05-19,2023-05-22,2023-05-26,LONG,BUY,175.1600037,99326.325659354843,100154.13849868513,100154.13849868513,0,0,0,0,True,0.015154990510794941,0.015154990510794941,0,0.0082997359651436255,0,0
AAPL:2023-05-19,AAPL,TRAIN,2023-05-19,2023-05-22,2023-05-26,LONG,HOLD,175.1600037,99326.325659354843,100154.13849868513,100154.13849868513,0,0,0,0,True,0.015154990510794941,0.015154990510794941,0,0.0082997359651436255,0,0
AAPL:2023-05-19,AAPL,TRAIN,2023-05-19,2023-05-22,2023-05-26,LONG,SELL,175.1600037,99326.325659354843,99227.024165276904,100154.13849868513,99276.662496525169,49.638331248262588,49.663162829675869,99.301494077938457,False,0,0.015154990510794941,0,-0.0010002500833645618,-0.0092999860485082839,-0.0092999860485082839
AAPL:2023-05-26,AAPL,TRAIN,2023-05-26,2023-05-30,2023-06-05,CASH,BUY,175.42999270000001,100000,101379.15325557425,100000,99950.024987506258,49.975012493753127,49.950037475007569,99.925049968760703,False,0.0075711253024067782,0,0.0075999317618966099,0.013697294837115561,0.013697294837115561,0.0060973630752189515
AAPL:2023-05-26,AAPL,TRAIN,2023-05-26,2023-05-30,2023-06-05,CASH,HOLD,175.42999270000001,100000,100000,100000,0,0,0,0,True,0,0,0,0,0,0
AAPL:2023-05-26,AAPL,TRAIN,2023-05-26,2023-05-30,2023-06-05,CASH,SELL,175.42999270000001,100000,100000,100000,0,0,0,0,True,0,0,0,0,0,0
AAPL:2023-05-26,AAPL,TRAIN,2023-05-26,2023-05-30,2023-06-05,LONG,BUY,175.42999270000001,100872.15075167704,102365.62120087234,102365.62120087234,0,0,0,0,True,0.0075711253024066671,0.0075711253024066671,0,0.014697044920417337,0,0
AAPL:2023-05-26,AAPL,TRAIN,2023-05-26,2023-05-30,2023-06-05,LONG,HOLD,175.42999270000001,100872.15075167704,102365.62120087234,102365.62120087234,0,0,0,0,True,0.0075711253024066671,0.0075711253024066671,0,0.014697044920417337,0,0
AAPL:2023-05-26,AAPL,TRAIN,2023-05-26,2023-05-30,2023-06-05,LONG,SELL,175.42999270000001,100872.15075167704,100771.30381896305,102365.62120087234,100821.7146763012,50.410857338150599,50.436075375830384,100.84693271398098,False,0,0.0075711253024066671,0,-0.0010002500833645618,-0.015697295003781923,-0.015697295003781923
AAPL:2023-06-02,AAPL,TRAIN,2023-06-02,2023-06-05,2023-06-09,CASH,BUY,180.9499969,100000,98986.572563401147,100000,99950.024987506258,49.975012493753127,49.950037475009317,99.925049968762437,False,0.026337389645440412,0,0.026690431288411049,-0.010185975724888618,-0.010185975724888618,-0.036876407013299667
AAPL:2023-06-02,AAPL,TRAIN,2023-06-02,2023-06-05,2023-06-09,CASH,HOLD,180.9499969,100000,100000,100000,0,0,0,0,True,0,0,0,0,0,0
AAPL:2023-06-02,AAPL,TRAIN,2023-06-02,2023-06-05,2023-06-09,CASH,SELL,180.9499969,100000,100000,100000,0,0,0,0,True,0,0,0,0,0,0
AAPL:2023-06-02,AAPL,TRAIN,2023-06-02,2023-06-05,2023-06-09,LONG,BUY,180.9499969,100928.43770587542,100005.53180446062,100005.53180446062,0,0,0,0,True,0.026337389645440523,0.026337389645440523,0,-0.0091862256415866199,0,0
AAPL:2023-06-02,AAPL,TRAIN,2023-06-02,2023-06-05,2023-06-09,LONG,HOLD,180.9499969,100928.43770587542,100005.53180446062,100005.53180446062,0,0,0,0,True,0.026337389645440523,0.026337389645440523,0,-0.0091862256415866199,0,0
AAPL:2023-06-02,AAPL,TRAIN,2023-06-02,2023-06-05,2023-06-09,LONG,SELL,180.9499969,100928.43770587542,100827.53450027897,100005.53180446062,100877.97348702248,50.438986743511244,50.464218852931339,100.90320559644258,False,0,0.026337389645440523,0,-0.0010002500833645618,0.0081859755582218974,0.0081859755582218974
AAPL:2023-06-09,AAPL,TRAIN,2023-06-09,2023-06-12,2023-06-16,CASH,BUY,180.96000670000001,100000,101911.63039509922,100000,99950.024987506258,49.975012493753127,49.950037475004848,99.925049968757975,False,0.0058598802872391609,0,0.0058771167544706925,0.01893588310643594,0.01893588310643594,0.013058766351965248
AAPL:2023-06-09,AAPL,TRAIN,2023-06-09,2023-06-12,2023-06-16,CASH,HOLD,180.96000670000001,100000,100000,100000,0,0,0,0,True,0,0,0,0,0,0
AAPL:2023-06-09,AAPL,TRAIN,2023-06-09,2023-06-12,2023-06-16,CASH,SELL,180.96000670000001,100000,100000,100000,0,0,0,0,True,0,0,0,0,0,0
AAPL:2023-06-09,AAPL,TRAIN,2023-06-09,2023-06-12,2023-06-16,LONG,BUY,180.96000670000001,100171.30724387844,102188.32413427404,102188.32413427404,0,0,0,0,True,0.0058598802872390499,0.0058598802872390499,0,0.019935633189737914,0,0
AAPL:2023-06-09,AAPL,TRAIN,2023-06-09,2023-06-12,2023-06-16,LONG,HOLD,180.96000670000001,100171.30724387844,102188.32413427404,102188.32413427404,0,0,0,0,True,0.0058598802872390499,0.0058598802872390499,0,0.019935633189737914,0,0
AAPL:2023-06-09,AAPL,TRAIN,2023-06-09,2023-06-12,2023-06-16,LONG,SELL,180.96000670000001,100171.30724387844,100071.16097946138,102188.32413427404,100121.22159025651,50.060610795128255,50.085653621928408,100.14626441705667,False,0,0.0058598802872390499,0,-0.0010002500833645618,-0.020935883273102484,-0.020935883273102484
AAPL:2023-06-16,AAPL,TRAIN,2023-06-16,2023-06-20,2023-06-26,CASH,BUY,184.91999820000001,100000,100365.96141320186,100000,99950.024987506258,49.975012493753127,49.950037475002645,99.925049968755772,False,0.0092513139037432301,0,0.0092943730832953722,0.0036529340369739018,0.0036529340369739018,-0.0056414390463214708
AAPL:2023-06-16,AAPL,TRAIN,2023-06-16,2023-06-20,2023-06-26,CASH,HOLD,184.91999820000001,100000,100000,100000,0,0,0,0,True,0,0,0,0,0,0
AAPL:2023-06-16,AAPL,TRAIN,2023-06-16,2023-06-20,2023-06-26,CASH,SELL,184.91999820000001,100000,100000,100000,0,0,0,0,True,0,0,0,0,0,0
AAPL:2023-06-16,AAPL,TRAIN,2023-06-16,2023-06-20,2023-06-26,LONG,BUY,184.91999820000001,99724.20803322288,100189.27433668988,100189.27433668988,0,0,0,0,True,0.0092513139037432301,0.0092513139037432301,0,0.0046526841202755931,0,0
AAPL:2023-06-16,AAPL,TRAIN,2023-06-16,2023-06-20,2023-06-26,LONG,HOLD,184.91999820000001,99724.20803322288,100189.27433668988,100189.27433668988,0,0,0,0,True,0.0092513139037432301,0.0092513139037432301,0,0.0046526841202755931,0,0
AAPL:2023-06-16,AAPL,TRAIN,2023-06-16,2023-06-20,2023-06-26,LONG,SELL,184.91999820000001,99724.20803322288,99624.508756241674,100189.27433668988,99674.345929206276,49.837172964603141,49.862104016598479,99.699276981201621,False,0,0.0092513139037432301,0,-0.0010002500833645618,-0.0056529342036401083,-0.0056529342036401083
AAPL:2023-06-30,AAPL,VALIDATION,2023-06-30,2023-07-03,2023-07-10,CASH,BUY,193.97000120000001,100000,97234.767844706177,100000,99950.024987506258,49.975012493753127,49.950037475011094,99.925049968764228,False,0.026679730787571798,0,0.027042094520021539,-0.028041844603323336,-0.028041844603323336,-0.055083939123344874
AAPL:2023-06-30,AAPL,VALIDATION,2023-06-30,2023-07-03,2023-07-10,CASH,HOLD,193.97000120000001,100000,100000,100000,0,0,0,0,True,0,0,0,0,0,0
AAPL:2023-06-30,AAPL,VALIDATION,2023-06-30,2023-07-03,2023-07-10,CASH,SELL,193.97000120000001,100000,100000,100000,0,0,0,0,True,0,0,0,0,0,0
AAPL:2023-06-30,AAPL,VALIDATION,2023-06-30,2023-07-03,2023-07-10,LONG,BUY,193.97000120000001,99902.045471555102,97236.685793246259,97236.685793246259,0,0,0,0,True,0.026679730787571798,0.026679730787571798,0,-0.027042094520021542,0,0
AAPL:2023-06-30,AAPL,VALIDATION,2023-06-30,2023-07-03,2023-07-10,LONG,HOLD,193.97000120000001,99902.045471555102,97236.685793246259,97236.685793246259,0,0,0,0,True,0.026679730787571798,0.026679730787571798,0,-0.027042094520021542,0,0
AAPL:2023-06-30,AAPL,VALIDATION,2023-06-30,2023-07-03,2023-07-10,LONG,SELL,193.97000120000001,99902.045471555102,99802.168401594929,97236.685793246259,99852.094448819335,49.926047224409672,49.951022735773023,99.877069960182695,False,0,0.026679730787571798,0,-0.0010002500833644506,0.026041844436657031,0.026041844436657031
AAPL:2023-07-07,AAPL,VALIDATION,2023-07-07,2023-07-10,2023-07-14,CASH,BUY,190.67999270000001,100000,100654.89847608356,100000,99950.024987506244,49.97501249375312,49.950037475013374,99.925049968766501,False,0.0062347708670149604,0,0.0062542882173250488,0.0065276333295708746,0.0065276333295708746,0.00027334511224582584
AAPL:2023-07-07,AAPL,VALIDATION,2023-07-07,2023-07-10,2023-07-14,CASH,HOLD,190.67999270000001,100000,100000,100000,0,0,0,0,True,0,0,0,0,0,0
AAPL:2023-07-07,AAPL,VALIDATION,2023-07-07,2023-07-10,2023-07-14,CASH,SELL,190.67999270000001,100000,100000,100000,0,0,0,0,True,0,0,0,0,0,0
AAPL:2023-07-07,AAPL,VALIDATION,2023-07-07,2023-07-10,2023-07-14,LONG,BUY,190.67999270000001,99255.297747869059,100005.24947576212,100005.24947576212,0,0,0,0,True,0.0062347708670149604,0.0062347708670149604,0,0.0075273834128731405,0,0
AAPL:2023-07-07,AAPL,VALIDATION,2023-07-07,2023-07-10,2023-07-14,LONG,HOLD,190.67999270000001,99255.297747869059,100005.24947576212,100005.24947576212,0,0,0,0,True,0.0062347708670149604,0.0062347708670149604,0,0.0075273834128731405,0,0
AAPL:2023-07-07,AAPL,VALIDATION,2023-07-07,2023-07-10,2023-07-14,LONG,SELL,190.67999270000001,99255.297747869059,99156.067263945632,100005.24947576212,99205.670098995135,49.602835049497571,49.627648873932316,99.230483923429887,False,0,0.0062347708670149604,0,-0.0010002500833645618,-0.008527633496237693,-0.008527633496237693
AEMD:2023-05-05,AEMD,TRAIN,2023-05-05,2023-05-08,2023-05-12,CASH,BUY,264,100000,94023.599952970588,100000,99950.024987506258,49.975012493753127,49.950037475003597,99.925049968756724,False,0.13888888888888895,0,0.14953173397096386,-0.06162437189973681,-0.06162437189973681,-0.21115610587070066
AEMD:2023-05-05,AEMD,TRAIN,2023-05-05,2023-05-08,2023-05-12,CASH,HOLD,264,100000,100000,100000,0,0,0,0,True,0,0,0,0,0,0
AEMD:2023-05-05,AEMD,TRAIN,2023-05-05,2023-05-08,2023-05-12,CASH,SELL,264,100000,100000,100000,0,0,0,0,True,0,0,0,0,0,0
AEMD:2023-05-05,AEMD,TRAIN,2023-05-05,2023-05-08,2023-05-12,LONG,BUY,264,103030.30303030304,96969.696969696975,96969.696969696975,0,0,0,0,True,0.13888888888888884,0.13888888888888884,0,-0.060624621816434854,0,0
AEMD:2023-05-05,AEMD,TRAIN,2023-05-05,2023-05-08,2023-05-12,LONG,HOLD,264,103030.30303030304,96969.696969696975,96969.696969696975,0,0,0,0,True,0.13888888888888884,0.13888888888888884,0,-0.060624621816434854,0,0
AEMD:2023-05-05,AEMD,TRAIN,2023-05-05,2023-05-08,2023-05-12,LONG,SELL,264,103030.30303030304,102927.29848484851,96969.696969696975,102978.7878787879,51.489393939393949,51.515151515139117,103.00454545453306,False,0,0.13888888888888884,0,-0.0010002500833644506,0.059624371733070482,0.059624371733070482
AEMD:2023-05-12,AEMD,TRAIN,2023-05-12,2023-05-15,2023-05-19,CASH,BUY,256,100000,99900.074950031238,100000,99950.024987506244,49.97501249375312,49.950037475013694,99.925049968766814,False,0.060606060606060552,0,0.06252035698133393,-0.00099975008330204017,-0.00099975008330204017,-0.063520107064635969
AEMD:2023-05-12,AEMD,TRAIN,2023-05-12,2023-05-15,2023-05-19,CASH,HOLD,256,100000,100000,100000,0,0,0,0,True,0,0,0,0,0,0
AEMD:2023-05-12,AEMD,TRAIN,2023-05-12,2023-05-15,2023-05-19,CASH,SELL,256,100000,100000,100000,0,0,0,0,True,0,0,0,0,0,0
AEMD:2023-05-12,AEMD,TRAIN,2023-05-12,2023-05-15,2023-05-19,LONG,BUY,256,96875,96875,96875,0,0,0,0,True,0.060606060606060552,0.060606060606060552,0,0,0,0
AEMD:2023-05-12,AEMD,TRAIN,2023-05-12,2023-05-15,2023-05-19,LONG,HOLD,256,96875,96875,96875,0,0,0,0,True,0.060606060606060552,0.060606060606060552,0,0,0,0
AEMD:2023-05-12,AEMD,TRAIN,2023-05-12,2023-05-15,2023-05-19,LONG,SELL,256,96875,96778.149218749997,96875,96826.5625,48.413281250000004,48.437499999998138,96.850781249998136,False,0,0.060606060606060552,0,-0.0010002500833646729,-0.0010002500833646729,-0.0010002500833646729
AEMD:2023-05-19,AEMD,TRAIN,2023-05-19,2023-05-22,2023-05-26,CASH,BUY,248,100000,99900.074950031238,100000,99950.024987506244,49.97501249375312,49.950037475013694,99.925049968766814,False,0.0625,0,0.064538521137571178,-0.00099975008330204017,-0.00099975008330204017,-0.065538271220873218
AEMD:2023-05-19,AEMD,TRAIN,2023-05-19,2023-05-22,2023-05-26,CASH,HOLD,248,100000,100000,100000,0,0,0,0,True,0,0,0,0,0,0
AEMD:2023-05-19,AEMD,TRAIN,2023-05-19,2023-05-22,2023-05-26,CASH,SELL,248,100000,100000,100000,0,0,0,0,True,0,0,0,0,0,0
AEMD:2023-05-19,AEMD,TRAIN,2023-05-19,2023-05-22,2023-05-26,LONG,BUY,248,100000,100000,100000,0,0,0,0,True,0.0625,0.0625,0,0,0,0
AEMD:2023-05-19,AEMD,TRAIN,2023-05-19,2023-05-22,2023-05-26,LONG,HOLD,248,100000,100000,100000,0,0,0,0,True,0.0625,0.0625,0,0,0,0
AEMD:2023-05-19,AEMD,TRAIN,2023-05-19,2023-05-22,2023-05-26,LONG,SELL,248,100000,99900.025000000009,100000,99950.000000000015,49.975000000000009,49.999999999998074,99.97499999999809,False,0,0.0625,0,-0.0010002500833645618,-0.0010002500833645618,-0.0010002500833645618
AEMD:2023-05-26,AEMD,TRAIN,2023-05-26,2023-05-30,2023-06-05,CASH,BUY,248,100000,109567.82413874393,100000,99950.024987506244,49.97501249375312,49.950037475013694,99.925049968766814,False,0.0625,0,0.064538521137571178,0.091373570047713043,0.091373570047713043,0.026835048910141865
AEMD:2023-05-26,AEMD,TRAIN,2023-05-26,2023-05-30,2023-06-05,CASH,HOLD,248,100000,100000,100000,0,0,0,0,True,0,0,0,0,0,0
AEMD:2023-05-26,AEMD,TRAIN,2023-05-26,2023-05-30,2023-06-05,CASH,SELL,248,100000,100000,100000,0,0,0,0,True,0,0,0,0,0,0
AEMD:2023-05-26,AEMD,TRAIN,2023-05-26,2023-05-30,2023-06-05,LONG,BUY,248,100000,109677.41935483871,109677.41935483871,0,0,0,0,True,0.0625,0.0625,0,0.092373320131015069,0,0
AEMD:2023-05-26,AEMD,TRAIN,2023-05-26,2023-05-30,2023-06-05,LONG,HOLD,248,100000,109677.41935483871,109677.41935483871,0,0,0,0,True,0.0625,0.0625,0,0.092373320131015069,0,0
AEMD:2023-05-26,AEMD,TRAIN,2023-05-26,2023-05-30,2023-06-05,LONG,SELL,248,100000,99900.025000000009,109677.41935483871,99950.000000000015,49.975000000000009,49.999999999998074,99.97499999999809,False,0,0.0625,0,-0.0010002500833645618,-0.093373570214379656,-0.093373570214379656
AEMD:2023-06-02,AEMD,TRAIN,2023-06-02,2023-06-05,2023-06-09,CASH,BUY,256,100000,109265.70697659667,100000,99950.024987506244,49.97501249375312,49.95003747501012,99.925049968763233,False,0.05555555555555558,0,0.057158413839948637,0.088612408606385196,0.088612408606385196,0.031453994766436559
AEMD:2023-06-02,AEMD,TRAIN,2023-06-02,2023-06-05,2023-06-09,CASH,HOLD,256,100000,100000,100000,0,0,0,0,True,0,0,0,0,0,0
AEMD:2023-06-02,AEMD,TRAIN,2023-06-02,2023-06-05,2023-06-09,CASH,SELL,256,100000,100000,100000,0,0,0,0,True,0,0,0,0,0,0
AEMD:2023-06-02,AEMD,TRAIN,2023-06-02,2023-06-05,2023-06-09,LONG,BUY,256,100000,109375,109375,0,0,0,0,True,0.05555555555555558,0.05555555555555558,0,0.089612158689687138,0,0
AEMD:2023-06-02,AEMD,TRAIN,2023-06-02,2023-06-05,2023-06-09,LONG,HOLD,256,100000,109375,109375,0,0,0,0,True,0.05555555555555558,0.05555555555555558,0,0.089612158689687138,0,0
AEMD:2023-06-02,AEMD,TRAIN,2023-06-02,2023-06-05,2023-06-09,LONG,SELL,256,100000,99900.024999999994,109375,99950,49.975000000000001,49.999999999994493,99.974999999994495,False,0,0.05555555555555558,0,-0.0010002500833646729,-0.090612408773051822,-0.090612408773051822
AEMD:2023-06-09,AEMD,TRAIN,2023-06-09,2023-06-12,2023-06-16,CASH,BUY,280,100000,108714.78744562225,100000,99950.024987506258,49.975012493753127,49.950037475003597,99.925049968756724,False,0,0,0,0.083557637944761134,0.083557637944761134,0.083557637944761134
AEMD:2023-06-09,AEMD,TRAIN,2023-06-09,2023-06-12,2023-06-16,CASH,HOLD,280,100000,100000,100000,0,0,0,0,True,0,0,0,0,0,0
AEMD:2023-06-09,AEMD,TRAIN,2023-06-09,2023-06-12,2023-06-16,CASH,SELL,280,100000,100000,100000,0,0,0,0,True,0,0,0,0,0,0
AEMD:2023-06-09,AEMD,TRAIN,2023-06-09,2023-06-12,2023-06-16,LONG,BUY,280,97142.857142857145,105714.28571428572,105714.28571428572,0,0,0,0,True,0,0,0,0.084557388028063174,0,0
AEMD:2023-06-09,AEMD,TRAIN,2023-06-09,2023-06-12,2023-06-16,LONG,HOLD,280,97142.857142857145,105714.28571428572,105714.28571428572,0,0,0,0,True,0,0,0,0.084557388028063174,0,0
AEMD:2023-06-09,AEMD,TRAIN,2023-06-09,2023-06-12,2023-06-16,LONG,SELL,280,97142.857142857145,97045.738571428592,105714.28571428572,97094.285714285739,48.547142857142873,48.571428571416881,97.118571428559761,False,0,0,0,-0.0010002500833644506,-0.085557638111427539,-0.085557638111427539
AEMD:2023-06-16,AEMD,TRAIN,2023-06-16,2023-06-20,2023-06-26,CASH,BUY,296,100000,102600.07697570777,100000,99950.024987506244,49.97501249375312,49.950037475004727,99.925049968757847,False,0,0,0,0.025668496998859373,0.025668496998859373,0.025668496998859373
AEMD:2023-06-16,AEMD,TRAIN,2023-06-16,2023-06-20,2023-06-26,CASH,HOLD,296,100000,100000,100000,0,0,0,0,True,0,0,0,0,0,0
AEMD:2023-06-16,AEMD,TRAIN,2023-06-16,2023-06-20,2023-06-26,CASH,SELL,296,100000,100000,100000,0,0,0,0,True,0,0,0,0,0,0
AEMD:2023-06-16,AEMD,TRAIN,2023-06-16,2023-06-20,2023-06-26,LONG,BUY,296,99999.999999999985,102702.70270270269,102702.70270270269,0,0,0,0,True,0,0,0,0.026668247082161273,0,0
AEMD:2023-06-16,AEMD,TRAIN,2023-06-16,2023-06-20,2023-06-26,LONG,HOLD,296,99999.999999999985,102702.70270270269,102702.70270270269,0,0,0,0,True,0,0,0,0.026668247082161273,0,0
AEMD:2023-06-16,AEMD,TRAIN,2023-06-16,2023-06-20,2023-06-26,LONG,SELL,296,99999.999999999985,99900.024999999994,102702.70270270269,99950,49.975000000000001,49.999999999989086,99.97499999998908,False,0,0,0,-0.0010002500833645618,-0.027668497165525909,-0.027668497165525909
AEMD:2023-06-30,AEMD,VALIDATION,2023-06-30,2023-07-03,2023-07-10,CASH,BUY,288,100000,113400.08507841385,100000,99950.024987506244,49.97501249375312,49.950037475004727,99.925049968757847,False,0.08108108108108103,0,0.084557388028062994,0.12575195555584182,0.12575195555584182,0.041194567527778822
AEMD:2023-06-30,AEMD,VALIDATION,2023-06-30,2023-07-03,2023-07-10,CASH,HOLD,288,100000,100000,100000,0,0,0,0,True,0,0,0,0,0,0
AEMD:2023-06-30,AEMD,VALIDATION,2023-06-30,2023-07-03,2023-07-10,CASH,SELL,288,100000,100000,100000,0,0,0,0,True,0,0,0,0,0,0
AEMD:2023-06-30,AEMD,VALIDATION,2023-06-30,2023-07-03,2023-07-10,LONG,BUY,288,102777.77777777778,116666.66666666667,116666.66666666667,0,0,0,0,True,0.08108108108108103,0.08108108108108103,0,0.12675170563914381,0,0
AEMD:2023-06-30,AEMD,VALIDATION,2023-06-30,2023-07-03,2023-07-10,LONG,HOLD,288,102777.77777777778,116666.66666666667,116666.66666666667,0,0,0,0,True,0.08108108108108103,0.08108108108108103,0,0.12675170563914381,0,0
AEMD:2023-06-30,AEMD,VALIDATION,2023-06-30,2023-07-03,2023-07-10,LONG,SELL,288,102777.77777777778,102675.02569444446,116666.66666666667,102726.38888888891,51.363194444444453,51.38888888887768,102.75208333332213,False,0,0.08108108108108103,0,-0.0010002500833645618,-0.12775195572250844,-0.12775195572250844
AEMD:2023-07-07,AEMD,VALIDATION,2023-07-07,2023-07-10,2023-07-14,CASH,BUY,352,100000,99900.074950031238,100000,99950.024987506258,49.975012493753127,49.950037475012138,99.925049968765265,False,0.045454545454545414,0,0.046520015634892817,-0.00099975008330204017,-0.00099975008330204017,-0.047519765718194856
AEMD:2023-07-07,AEMD,VALIDATION,2023-07-07,2023-07-10,2023-07-14,CASH,HOLD,352,100000,100000,100000,0,0,0,0,True,0,0,0,0,0,0
AEMD:2023-07-07,AEMD,VALIDATION,2023-07-07,2023-07-10,2023-07-14,CASH,SELL,352,100000,100000,100000,0,0,0,0,True,0,0,0,0,0,0
AEMD:2023-07-07,AEMD,VALIDATION,2023-07-07,2023-07-10,2023-07-14,LONG,BUY,352,99999.999999999985,99999.999999999985,99999.999999999985,0,0,0,0,True,0.045454545454545414,0.045454545454545414,0,0,0,0
AEMD:2023-07-07,AEMD,VALIDATION,2023-07-07,2023-07-10,2023-07-14,LONG,HOLD,352,99999.999999999985,99999.999999999985,99999.999999999985,0,0,0,0,True,0.045454545454545414,0.045454545454545414,0,0,0,0
AEMD:2023-07-07,AEMD,VALIDATION,2023-07-07,2023-07-10,2023-07-14,LONG,SELL,352,99999.999999999985,99900.024999999994,99999.999999999985,99950,49.975000000000001,49.999999999996504,99.974999999996498,False,0,0.045454545454545414,0,-0.0010002500833645618,-0.0010002500833645618,-0.0010002500833645618
AGI:2023-05-05,AGI,TRAIN,2023-05-05,2023-05-08,2023-05-12,CASH,BUY,13.81000042,100000,95728.582217079151,100000,99950.024987506258,49.975012493753127,49.950037475009182,99.925049968762309,False,0.046076337245071652,0,0.047171628812062633,-0.043653267365354409,-0.043653267365354409,-0.090824896177417042
AGI:2023-05-05,AGI,TRAIN,2023-05-05,2023-05-08,2023-05-12,CASH,HOLD,13.81000042,100000,100000,100000,0,0,0,0,True,0,0,0,0,0,0
AGI:2023-05-05,AGI,TRAIN,2023-05-05,2023-05-08,2023-05-12,CASH,SELL,13.81000042,100000,100000,100000,0,0,0,0,True,0,0,0,0,0,0
AGI:2023-05-05,AGI,TRAIN,2023-05-05,2023-05-08,2023-05-12,LONG,BUY,13.81000042,100579.28977238946,96379.435302001235,96379.435302001235,0,0,0,0,True,0.046076337245071763,0.046076337245071763,0,-0.042653517282052647,0,0
AGI:2023-05-05,AGI,TRAIN,2023-05-05,2023-05-08,2023-05-12,LONG,HOLD,13.81000042,100579.28977238946,96379.435302001235,96379.435302001235,0,0,0,0,True,0.046076337245071763,0.046076337245071763,0,-0.042653517282052647,0,0
AGI:2023-05-05,AGI,TRAIN,2023-05-05,2023-05-08,2023-05-12,LONG,SELL,13.81000042,100579.28977238946,100478.7356274395,96379.435302001235,100529.00012750326,50.264500063751626,50.289644886188242,100.55414494993987,False,0,0.046076337245071763,0,-0.0010002500833646729,0.041653267198687803,0.041653267198687803
AGI:2023-05-12,AGI,TRAIN,2023-05-12,2023-05-15,2023-05-19,CASH,BUY,13.31000042,100000,94685.307294086218,100000,99950.024987506258,49.975012493753127,49.950037475007015,99.925049968760135,False,0.067059680234966779,0,0.069414046134578605,-0.054611347842715825,-0.054611347842715825,-0.12402539397729442
AGI:2023-05-12,AGI,TRAIN,2023-05-12,2023-05-15,2023-05-19,CASH,HOLD,13.31000042,100000,100000,100000,0,0,0,0,True,0,0,0,0,0,0
AGI:2023-05-12,AGI,TRAIN,2023-05-12,2023-05-15,2023-05-19,CASH,SELL,13.31000042,100000,100000,100000,0,0,0,0,True,0,0,0,0,0,0
AGI:2023-05-12,AGI,TRAIN,2023-05-12,2023-05-15,2023-05-19,LONG,BUY,13.31000042,100751.31049469946,95492.108481841817,95492.108481841817,0,0,0,0,True,0.06705968023496689,0.06705968023496689,0,-0.05361159775941389,0,0
AGI:2023-05-12,AGI,TRAIN,2023-05-12,2023-05-15,2023-05-19,LONG,HOLD,13.31000042,100751.31049469946,95492.108481841817,95492.108481841817,0,0,0,0,True,0.06705968023496689,0.06705968023496689,0,-0.05361159775941389,0,0
AGI:2023-05-12,AGI,TRAIN,2023-05-12,2023-05-15,2023-05-19,LONG,SELL,13.31000042,100751.31049469946,100650.58437203238,95492.108481841817,100700.93483945211,50.350467419726051,50.375655247341044,100.7261226670671,False,0,0.06705968023496689,0,-0.0010002500833646729,0.052611347676049171,0.052611347676049171
AGI:2023-05-19,AGI,TRAIN,2023-05-19,2023-05-22,2023-05-26,CASH,BUY,12.710000040000001,100000,97767.824191475753,100000,99950.024987506258,49.975012493753127,49.950037475011314,99.925049968764441,False,0.042735058640315349,0,0.04367508011799115,-0.022574659075556197,-0.022574659075556197,-0.066249739193547347
AGI:2023-05-19,AGI,TRAIN,2023-05-19,2023-05-22,2023-05-26,CASH,HOLD,12.710000040000001,100000,100000,100000,0,0,0,0,True,0,0,0,0,0,0
AGI:2023-05-19,AGI,TRAIN,2023-05-19,2023-05-22,2023-05-26,CASH,SELL,12.710000040000001,100000,100000,100000,0,0,0,0,True,0,0,0,0,0,0
AGI:2023-05-19,AGI,TRAIN,2023-05-19,2023-05-22,2023-05-26,LONG,BUY,12.710000040000001,99527.927460179606,97403.619756400876,97403.619756400876,0,0,0,0,True,0.042735058640315349,0.042735058640315349,0,-0.021574908992254224,0,0
AGI:2023-05-19,AGI,TRAIN,2023-05-19,2023-05-22,2023-05-26,LONG,HOLD,12.710000040000001,99527.927460179606,97403.619756400876,97403.619756400876,0,0,0,0,True,0.042735058640315349,0.042735058640315349,0,-0.021574908992254224,0,0
AGI:2023-05-19,AGI,TRAIN,2023-05-19,2023-05-22,2023-05-26,LONG,SELL,12.710000040000001,99527.927460179606,99428.424414701294,97403.619756400876,99478.163496449517,49.739081748224763,49.763963730085514,99.50304547831027,False,0,0.042735058640315349,0,-0.0010002500833645618,0.020574658908889574,0.020574658908889574
AGI:2023-05-26,AGI,TRAIN,2023-05-26,2023-05-30,2023-06-05,CASH,BUY,12.380000109999999,100000,99497.258177731666,100000,99950.024987506258,49.975012493753127,49.950037475006425,99.925049968759552,False,0.023387094265088337,0,0.023664912476799166,-0.0050400982059147607,-0.0050400982059147607,-0.028705010682713927
AGI:2023-05-26,AGI,TRAIN,2023-05-26,2023-05-30,2023-06-05,CASH,HOLD,12.380000109999999,100000,100000,100000,0,0,0,0,True,0,0,0,0,0,0
AGI:2023-05-26,AGI,TRAIN,2023-05-26,2023-05-30,2023-06-05,CASH,SELL,12.380000109999999,100000,100000,100000,0,0,0,0,True,0,0,0,0,0,0
AGI:2023-05-26,AGI,TRAIN,2023-05-26,2023-05-30,2023-06-05,LONG,BUY,12.380000109999999,100161.54692909772,99757.675850295302,99757.675850295302,0,0,0,0,True,0.023387094265088226,0.023387094265088226,0,-0.004040348122612736,0,0
AGI:2023-05-26,AGI,TRAIN,2023-05-26,2023-05-30,2023-06-05,LONG,HOLD,12.380000109999999,100161.54692909772,99757.675850295302,99757.675850295302,0,0,0,0,True,0.023387094265088226,0.023387094265088226,0,-0.004040348122612736,0,0
AGI:2023-05-26,AGI,TRAIN,2023-05-26,2023-05-30,2023-06-05,LONG,SELL,12.380000109999999,100161.54692909772,100061.41042255537,99757.675850295302,100111.46615563318,50.055733077816591,50.080773464539639,100.13650654235623,False,0,0.023387094265088226,0,-0.0010002500833643396,0.0030400980392483764,0.0030400980392483764
AGI:2023-06-02,AGI,TRAIN,2023-06-02,2023-06-05,2023-06-09,CASH,BUY,12.27999973,100000,101293.26783917416,100000,99950.024987506244,49.97501249375312,49.950037475009701,99.925049968762821,False,0.025437177427263591,0,0.025766295644733192,0.012849765399442938,0.012849765399442938,-0.012916530245290254
AGI:2023-06-02,AGI,TRAIN,2023-06-02,2023-06-05,2023-06-09,CASH,HOLD,12.27999973,100000,100000,100000,0,0,0,0,True,0,0,0,0,0,0
AGI:2023-06-02,AGI,TRAIN,2023-06-02,2023-06-05,2023-06-09,CASH,SELL,12.27999973,100000,100000,100000,0,0,0,0,True,0,0,0,0,0,0
AGI:2023-06-02,AGI,TRAIN,2023-06-02,2023-06-05,2023-06-09,LONG,BUY,12.27999973,99267.099739586076,100651.46524233678,100651.46524233678,0,0,0,0,True,0.025437177427263591,0.025437177427263591,0,0.013849515482745102,0,0
AGI:2023-06-02,AGI,TRAIN,2023-06-02,2023-06-05,2023-06-09,LONG,HOLD,12.27999973,99267.099739586076,100651.46524233678,100651.46524233678,0,0,0,0,True,0.025437177427263591,0.025437177427263591,0,0.013849515482745102,0,0
AGI:2023-06-02,AGI,TRAIN,2023-06-02,2023-06-05,2023-06-09,LONG,SELL,12.27999973,99267.099739586076,99167.857456621423,100651.46524233678,99217.466189716288,49.608733094858145,49.633549869787153,99.242282964645298,False,0,0.025437177427263591,0,-0.0010002500833645618,-0.014849765566109641,-0.014849765566109641
AGI:2023-06-09,AGI,TRAIN,2023-06-09,2023-06-12,2023-06-16,CASH,BUY,12.35999966,100000,99373.431000404729,100000,99950.024987506258,49.975012493753127,49.950037475009999,99.925049968763119,False,0.03221951948990065,0,0.032749993755742703,-0.0062854018134103403,-0.0062854018134103403,-0.039035395569153045
AGI:2023-06-09,AGI,TRAIN,2023-06-09,2023-06-12,2023-06-16,CASH,HOLD,12.35999966,100000,100000,100000,0,0,0,0,True,0,0,0,0,0,0
AGI:2023-06-09,AGI,TRAIN,2023-06-09,2023-06-12,2023-06-16,CASH,SELL,12.35999966,100000,100000,100000,0,0,0,0,True,0,0,0,0,0,0
AGI:2023-06-09,AGI,TRAIN,2023-06-09,2023-06-12,2023-06-16,LONG,BUY,12.35999966,99757.283650281272,99231.392454585221,99231.392454585221,0,0,0,0,True,0.03221951948990065,0.03221951948990065,0,-0.0052856517301084821,0,0
AGI:2023-06-09,AGI,TRAIN,2023-06-09,2023-06-12,2023-06-16,LONG,HOLD,12.35999966,99757.283650281272,99231.392454585221,99231.392454585221,0,0,0,0,True,0.03221951948990065,0.03221951948990065,0,-0.0052856517301084821,0,0
AGI:2023-06-09,AGI,TRAIN,2023-06-09,2023-06-12,2023-06-16,LONG,SELL,12.35999966,99757.283650281272,99657.5513059519,99231.392454585221,99707.405008456131,49.853702504228067,49.87864182513502,99.732344329363087,False,0,0.03221951948990065,0,-0.0010002500833646729,0.0042854016467437969,0.0042854016467437969
AGI:2023-06-16,AGI,TRAIN,2023-06-16,2023-06-20,2023-06-26,CASH,BUY,12.239999770000001,100000,95857.877169449494,100000,99950.024987506258,49.975012493753127,49.950037475007541,99.925049968760675,False,0.040462409889117867,0,0.041303787531702101,-0.042303537615004001,-0.042303537615004001,-0.083607325146706102
AGI:2023-06-16,AGI,TRAIN,2023-06-16,2023-06-20,2023-06-26,CASH,HOLD,12.239999770000001,100000,100000,100000,0,0,0,0,True,0,0,0,0,0,0
AGI:2023-06-16,AGI,TRAIN,2023-06-16,2023-06-20,2023-06-26,CASH,SELL,12.239999770000001,100000,100000,100000,0,0,0,0,True,0,0,0,0,0,0
AGI:2023-06-16,AGI,TRAIN,2023-06-16,2023-06-20,2023-06-26,LONG,BUY,12.239999770000001,98937.907578081591,94934.641408085576,94934.641408085576,0,0,0,0,True,0.040462409889118089,0.040462409889118089,0,-0.04130378753170233,0,0
AGI:2023-06-16,AGI,TRAIN,2023-06-16,2023-06-20,2023-06-26,LONG,HOLD,12.239999770000001,98937.907578081591,94934.641408085576,94934.641408085576,0,0,0,0,True,0.040462409889118089,0.040462409889118089,0,-0.04130378753170233,0,0
AGI:2023-06-16,AGI,TRAIN,2023-06-16,2023-06-20,2023-06-26,LONG,SELL,12.239999770000001,98937.907578081591,98838.994404980403,94934.641408085576,98888.438624292554,49.444219312146281,49.468953789032781,98.913173101179069,False,0,0.040462409889118089,0,-0.0010002500833645618,0.040303537448337687,0.040303537448337687
AGI:2023-06-30,AGI,VALIDATION,2023-06-30,2023-07-03,2023-07-10,CASH,BUY,11.920000079999999,100000,100571.67144240126,100000,99950.024987506258,49.975012493753127,49.950037475010923,99.925049968764057,False,0.049382670680280905,0,0.050643685092817789,0.0057004360219617073,0.0057004360219617073,-0.044943249070856083
AGI:2023-06-30,AGI,VALIDATION,2023-06-30,2023-07-03,2023-07-10,CASH,HOLD,11.920000079999999,100000,100000,100000,0,0,0,0,True,0,0,0,0,0,0
AGI:2023-06-30,AGI,VALIDATION,2023-06-30,2023-07-03,2023-07-10,CASH,SELL,11.920000079999999,100000,100000,100000,0,0,0,0,True,0,0,0,0,0,0
AGI:2023-06-30,AGI,VALIDATION,2023-06-30,2023-07-03,2023-07-10,LONG,BUY,11.920000079999999,99832.210907166358,100503.35117111844,100503.35117111844,0,0,0,0,True,0.049382670680281016,0.049382670680281016,0,0.0067001861052637269,0,0
AGI:2023-06-30,AGI,VALIDATION,2023-06-30,2023-07-03,2023-07-10,LONG,HOLD,11.920000079999999,99832.210907166358,100503.35117111844,100503.35117111844,0,0,0,0,True,0.049382670680281016,0.049382670680281016,0,0.0067001861052637269,0,0
AGI:2023-06-30,AGI,VALIDATION,2023-06-30,2023-07-03,2023-07-10,LONG,SELL,11.920000079999999,99832.210907166358,99732.403654311929,100503.35117111844,99782.294801712778,49.89114740085639,49.916105453578481,99.807252854434864,False,0,0.049382670680281016,0,-0.0010002500833644506,-0.0077004361886280669,-0.0077004361886280669
AGI:2023-07-07,AGI,VALIDATION,2023-07-07,2023-07-10,2023-07-14,CASH,BUY,11.60999966,100000,110132.88908187965,100000,99950.024987506273,49.975012493753134,49.950037475011833,99.925049968764966,False,0.0041735585909713491,0,0.004182292195237261,0.096517533222313726,0.096517533222313726,0.092335241027076465
AGI:2023-07-07,AGI,VALIDATION,2023-07-07,2023-07-10,2023-07-14,CASH,HOLD,11.60999966,100000,100000,100000,0,0,0,0,True,0,0,0,0,0,0
AGI:2023-07-07,AGI,VALIDATION,2023-07-07,2023-07-10,2023-07-14,CASH,SELL,11.60999966,100000,100000,100000,0,0,0,0,True,0,0,0,0,0,0
AGI:2023-07-07,AGI,VALIDATION,2023-07-07,2023-07-10,2023-07-14,LONG,BUY,11.60999966,99224.813069460506,109388.45979259917,109388.45979259917,0,0,0,0,True,0.0041735585909713491,0.0041735585909713491,0,0.097517283305615515,0,0
AGI:2023-07-07,AGI,VALIDATION,2023-07-07,2023-07-10,2023-07-14,LONG,HOLD,11.60999966,99224.813069460506,109388.45979259917,109388.45979259917,0,0,0,0,True,0.0041735585909713491,0.0041735585909713491,0,0.097517283305615515,0,0
AGI:2023-07-07,AGI,VALIDATION,2023-07-07,2023-07-10,2023-07-14,LONG,SELL,11.60999966,99224.813069460506,99125.613062594319,109388.45979259917,99175.200662925781,49.587600331462895,49.612406534726482,99.200006866189369,False,0,0.0041735585909713491,0,-0.0010002500833645618,-0.0985175333889802,-0.0985175333889802
AMZN:2023-05-05,AMZN,TRAIN,2023-05-05,2023-05-08,2023-05-12,CASH,BUY,105.6600037,100000,104864.6456531076,100000,99950.024987506258,49.975012493753127,49.950037475004166,99.925049968757293,False,0.017115334238415159,0,0.017263494547035584,0.047500243561421802,0.047500243561421802,0.030236749014386218
AMZN:2023-05-05,AMZN,TRAIN,2023-05-05,2023-05-08,2023-05-12,CASH,HOLD,105.6600037,100000,100000,100000,0,0,0,0,True,0,0,0,0,0,0
AMZN:2023-05-05,AMZN,TRAIN,2023-05-05,2023-05-08,2023-05-12,CASH,SELL,105.6600037,100000,100000,100000,0,0,0,0,True,0,0,0,0,0,0
AMZN:2023-05-05,AMZN,TRAIN,2023-05-05,2023-05-08,2023-05-12,LONG,BUY,105.6600037,99413.209560582283,104353.58531035144,104353.58531035144,0,0,0,0,True,0.017115334238415048,0.017115334238415048,0,0.048499993644723585,0,0
AMZN:2023-05-05,AMZN,TRAIN,2023-05-05,2023-05-08,2023-05-12,LONG,HOLD,105.6600037,99413.209560582283,104353.58531035144,104353.58531035144,0,0,0,0,True,0.017115334238415048,0.017115334238415048,0,0.048499993644723585,0,0
AMZN:2023-05-05,AMZN,TRAIN,2023-05-05,2023-05-08,2023-05-12,LONG,SELL,105.6600037,99413.209560582283,99313.821204324107,104353.58531035144,99363.502955802003,49.681751477901003,49.706604780279733,99.388356258180735,False,0,0.017115334238415048,0,-0.0010002500833644506,-0.049500243728088048,-0.049500243728088048
AMZN:2023-05-12,AMZN,TRAIN,2023-05-12,2023-05-15,2023-05-19,CASH,BUY,110.26000209999999,100000,104483.88264701131,100000,99950.024987506244,49.97501249375312,49.950037475012614,99.925049968765734,False,0.016081265136505207,0,0.01621197186117674,0.043862640478681554,0.043862640478681554,0.027650668617504814
AMZN:2023-05-12,AMZN,TRAIN,2023-05-12,2023-05-15,2023-05-19,CASH,HOLD,110.26000209999999,100000,100000,100000,0,0,0,0,True,0,0,0,0,0,0
AMZN:2023-05-12,AMZN,TRAIN,2023-05-12,2023-05-15,2023-05-19,CASH,SELL,110.26000209999999,100000,100000,100000,0,0,0,0,True,0,0,0,0,0,0
AMZN:2023-05-12,AMZN,TRAIN,2023-05-12,2023-05-15,2023-05-19,LONG,BUY,110.26000209999999,100807.18246240629,105432.61181381748,105432.61181381748,0,0,0,0,True,0.016081265136505318,0.016081265136505318,0,0.044862390561983559,0,0
AMZN:2023-05-12,AMZN,TRAIN,2023-05-12,2023-05-15,2023-05-19,LONG,HOLD,110.26000209999999,100807.18246240629,105432.61181381748,105432.61181381748,0,0,0,0,True,0.016081265136505318,0.016081265136505318,0,0.044862390561983559,0,0
AMZN:2023-05-12,AMZN,TRAIN,2023-05-12,2023-05-15,2023-05-19,LONG,SELL,110.26000209999999,100807.18246240629,100706.4004817395,105432.61181381748,100756.77887117509,50.378389435587543,50.40359123120011,100.78198066678766,False,0,0.016081265136505318,0,-0.0010002500833645618,-0.045862640645348056,-0.045862640645348056
AMZN:2023-05-19,AMZN,TRAIN,2023-05-19,2023-05-22,2023-05-26,CASH,BUY,116.25,100000,102757.54398872954,100000,99950.024987506258,49.975012493753127,49.950037475015044,99.925049968768178,False,0.015243630657089557,0,0.01536100917243975,0.027202085507962531,0.027202085507962531,0.01184107633552278
AMZN:2023-05-19,AMZN,TRAIN,2023-05-19,2023-05-22,2023-05-26,CASH,HOLD,116.25,100000,100000,100000,0,0,0,0,True,0,0,0,0,0,0
AMZN:2023-05-19,AMZN,TRAIN,2023-05-19,2023-05-22,2023-05-26,CASH,SELL,116.25,100000,100000,100000,0,0,0,0,True,0,0,0,0,0,0
AMZN:2023-05-19,AMZN,TRAIN,2023-05-19,2023-05-22,2023-05-26,LONG,BUY,116.25,100447.30890322581,103320.43062365592,103320.43062365592,0,0,0,0,True,0.015243630657089557,0.015243630657089557,0,0.028201835591264508,0,0
AMZN:2023-05-19,AMZN,TRAIN,2023-05-19,2023-05-22,2023-05-26,LONG,HOLD,116.25,100447.30890322581,103320.43062365592,103320.43062365592,0,0,0,0,True,0.015243630657089557,0.015243630657089557,0,0.028201835591264508,0,0
AMZN:2023-05-19,AMZN,TRAIN,2023-05-19,2023-05-22,2023-05-26,LONG,SELL,116.25,100447.30890322581,100346.8867061498,103320.43062365592,100397.08524877419,50.198542624387095,50.223654451612326,100.42219707599942,False,0,0.015243630657089557,0,-0.0010002500833646729,-0.029202085674629178,-0.029202085674629178
AMZN:2023-05-26,AMZN,TRAIN,2023-05-26,2023-05-30,2023-06-05,CASH,BUY,120.11000060000001,100000,102292.060347639,100000,99950.024987506258,49.975012493753127,49.950037475013573,99.9250499687667,False,0.014627775275843802,0,0.014735816072699829,0.022661872497534919,0.022661872497534919,0.0079260564248350898
AMZN:2023-05-26,AMZN,TRAIN,2023-05-26,2023-05-30,2023-06-05,CASH,HOLD,120.11000060000001,100000,100000,100000,0,0,0,0,True,0,0,0,0,0,0
AMZN:2023-05-26,AMZN,TRAIN,2023-05-26,2023-05-30,2023-06-05,CASH,SELL,120.11000060000001,100000,100000,100000,0,0,0,0,True,0,0,0,0,0,0
AMZN:2023-05-26,AMZN,TRAIN,2023-05-26,2023-05-30,2023-06-05,LONG,BUY,120.11000060000001,101881.61026451613,104321.04110737969,104321.04110737969,0,0,0,0,True,0.014627775275843691,0.014627775275843691,0,0.023661622580836792,0,0
AMZN:2023-05-26,AMZN,TRAIN,2023-05-26,2023-05-30,2023-06-05,LONG,HOLD,120.11000060000001,101881.61026451613,104321.04110737969,104321.04110737969,0,0,0,0,True,0.014627775275843691,0.014627775275843691,0,0.023661622580836792,0,0
AMZN:2023-05-26,AMZN,TRAIN,2023-05-26,2023-05-30,2023-06-05,LONG,SELL,120.11000060000001,101881.61026451613,101779.75412465418,104321.04110737969,101830.66945938388,50.915334729691942,50.940805132255981,101.85613986194792,False,0,0.014627775275843691,0,-0.0010002500833645618,-0.024661872664201421,-0.024661872664201421
AMZN:2023-06-02,AMZN,TRAIN,2023-06-02,2023-06-05,2023-06-09,CASH,BUY,124.25,100000,99956.762492528549,100000,99950.024987506258,49.975012493753127,49.950037475004819,99.925049968757946,False,0.042492671783464275,0,0.043421904466769259,-0.00043246857576976957,-0.00043246857576976957,-0.04385437304253903
AMZN:2023-06-02,AMZN,TRAIN,2023-06-02,2023-06-05,2023-06-09,CASH,HOLD,124.25,100000,100000,100000,0,0,0,0,True,0,0,0,0,0,0
AMZN:2023-06-02,AMZN,TRAIN,2023-06-02,2023-06-05,2023-06-09,CASH,SELL,124.25,100000,100000,100000,0,0,0,0,True,0,0,0,0,0,0
AMZN:2023-06-02,AMZN,TRAIN,2023-06-02,2023-06-05,2023-06-09,LONG,BUY,124.25,99283.702696177075,99340.040482897399,99340.040482897399,0,0,0,0,True,0.042492671783464164,0.042492671783464164,0,0.00056728150753223444,0,0
AMZN:2023-06-02,AMZN,TRAIN,2023-06-02,2023-06-05,2023-06-09,LONG,HOLD,124.25,99283.702696177075,99340.040482897399,99340.040482897399,0,0,0,0,True,0.042492671783464164,0.042492671783464164,0,0.00056728150753223444,0,0
AMZN:2023-06-02,AMZN,TRAIN,2023-06-02,2023-06-05,2023-06-09,LONG,SELL,124.25,99283.702696177075,99184.443814406579,99340.040482897399,99234.060844829,49.617030422414501,49.6418513480778,99.258881770492309,False,0,0.042492671783464164,0,-0.0010002500833645618,-0.0015675315908966613,-0.0015675315908966613
AMZN:2023-06-09,AMZN,TRAIN,2023-06-09,2023-06-12,2023-06-16,CASH,BUY,123.4300003,100000,101084.1843200733,100000,99950.024987506258,49.975012493753127,49.95003747501471,99.925049968767837,False,0.012744887832216723,0,0.012826800639083055,0.010783491797714989,0.010783491797714989,-0.0020433088413680661
AMZN:2023-06-09,AMZN,TRAIN,2023-06-09,2023-06-12,2023-06-16,CASH,HOLD,123.4300003,100000,100000,100000,0,0,0,0,True,0,0,0,0,0,0
AMZN:2023-06-09,AMZN,TRAIN,2023-06-09,2023-06-12,2023-06-16,CASH,SELL,123.4300003,100000,100000,100000,0,0,0,0,True,0,0,0,0,0,0
AMZN:2023-06-09,AMZN,TRAIN,2023-06-09,2023-06-12,2023-06-16,LONG,BUY,123.4300003,100478.00072799642,101668.96021631136,101668.96021631136,0,0,0,0,True,0.012744887832216723,0.012744887832216723,0,0.011783241881016992,0,0
AMZN:2023-06-09,AMZN,TRAIN,2023-06-09,2023-06-12,2023-06-16,LONG,HOLD,123.4300003,100478.00072799642,101668.96021631136,101668.96021631136,0,0,0,0,True,0.012744887832216723,0.012744887832216723,0,0.011783241881016992,0,0
AMZN:2023-06-09,AMZN,TRAIN,2023-06-09,2023-06-12,2023-06-16,LONG,SELL,123.4300003,100478.00072799642,100377.54784676862,101668.96021631136,100427.76172763243,50.213880863816215,50.239000363997299,100.45288122781352,False,0,0.012744887832216723,0,-0.0010002500833644506,-0.012783491964381581,-0.012783491964381581
AMZN:2023-06-16,AMZN,TRAIN,2023-06-16,2023-06-20,2023-06-26,CASH,BUY,125.48999790000001,100000,101786.64160249375,100000,99950.024987506258,49.975012493753127,49.950037475009012,99.925049968762139,False,0.021667247269844037,0,0.021905428849736109,0.01770868753854114,0.01770868753854114,-0.0041967413111949695
AMZN:2023-06-16,AMZN,TRAIN,2023-06-16,2023-06-20,2023-06-26,CASH,HOLD,125.48999790000001,100000,100000,100000,0,0,0,0,True,0,0,0,0,0,0
AMZN:2023-06-16,AMZN,TRAIN,2023-06-16,2023-06-20,2023-06-26,CASH,SELL,125.48999790000001,100000,100000,100000,0,0,0,0,True,0,0,0,0,0,0
AMZN:2023-06-16,AMZN,TRAIN,2023-06-16,2023-06-20,2023-06-26,LONG,BUY,125.48999790000001,99585.626975295367,101466.25542337347,101466.25542337347,0,0,0,0,True,0.021667247269844037,0.021667247269844037,0,0.018708437621843054,0,0
AMZN:2023-06-16,AMZN,TRAIN,2023-06-16,2023-06-20,2023-06-26,LONG,HOLD,125.48999790000001,99585.626975295367,101466.25542337347,101466.25542337347,0,0,0,0,True,0.021667247269844037,0.021667247269844037,0,0.018708437621843054,0,0
AMZN:2023-06-16,AMZN,TRAIN,2023-06-16,2023-06-20,2023-06-26,LONG,SELL,125.48999790000001,99585.626975295367,99486.066244726826,101466.25542337347,99535.834161807725,49.767917080903864,49.792813487641098,99.560730568544955,False,0,0.021667247269844037,0,-0.0010002500833644506,-0.019708687705207627,-0.019708687705207627
AMZN:2023-06-30,AMZN,VALIDATION,2023-06-30,2023-07-03,2023-07-10,CASH,BUY,130.36000060000001,100000,97082.216403967977,100000,99950.024987506244,49.97501249375312,49.950037475005658,99.925049968758771,False,0.028206771090739546,0,0.028612224611001963,-0.029611974694304016,-0.029611974694304016,-0.058224199305305979
AMZN:2023-06-30,AMZN,VALIDATION,2023-06-30,2023-07-03,2023-07-10,CASH,HOLD,130.36000060000001,100000,100000,100000,0,0,0,0,True,0,0,0,0,0,0
AMZN:2023-06-30,AMZN,VALIDATION,2023-06-30,2023-07-03,2023-07-10,CASH,SELL,130.36000060000001,100000,100000,100000,0,0,0,0,True,0,0,0,0,0,0
AMZN:2023-06-30,AMZN,VALIDATION,2023-06-30,2023-07-03,2023-07-10,LONG,BUY,130.36000060000001,100352.87411620338,97522.243567709826,97522.243567709826,0,0,0,0,True,0.028206771090739657,0.028206771090739657,0,-0.028612224611002074,0,0
AMZN:2023-06-30,AMZN,VALIDATION,2023-06-30,2023-07-03,2023-07-10,LONG,HOLD,130.36000060000001,100352.87411620338,97522.243567709826,97522.243567709826,0,0,0,0,True,0.028206771090739657,0.028206771090739657,0,-0.028612224611002074,0,0
AMZN:2023-06-30,AMZN,VALIDATION,2023-06-30,2023-07-03,2023-07-10,LONG,SELL,130.36000060000001,100352.87411620338,100252.54633030573,97522.243567709826,100302.69767914531,50.151348839572655,50.176437058091686,100.32778589766434,False,0,0.028206771090739657,0,-0.0010002500833643396,0.027611974527637608,0.027611974527637608
AMZN:2023-07-07,AMZN,VALIDATION,2023-07-07,2023-07-10,2023-07-14,CASH,BUY,129.77999879999999,100000,104242.19883808486,100000,99950.024987506244,49.97501249375312,49.95003747499954,99.92504996875266,False,0.015030680175687872,0,0.015144785681623234,0.041546840601464928,0.041546840601464928,0.026402054919841694
AMZN:2023-07-07,AMZN,VALIDATION,2023-07-07,2023-07-10,2023-07-14,CASH,HOLD,129.77999879999999,100000,100000,100000,0,0,0,0,True,0,0,0,0,0,0
AMZN:2023-07-07,AMZN,VALIDATION,2023-07-07,2023-07-10,2023-07-14,CASH,SELL,129.77999879999999,100000,100000,100000,0,0,0,0,True,0,0,0,0,0,0
AMZN:2023-07-07,AMZN,VALIDATION,2023-07-07,2023-07-10,2023-07-14,LONG,BUY,129.77999879999999,99452.92687119366,103775.61561512361,103775.61561512361,0,0,0,0,True,0.015030680175687872,0.015030680175687872,0,0.042546590684766718,0,0
AMZN:2023-07-07,AMZN,VALIDATION,2023-07-07,2023-07-10,2023-07-14,LONG,HOLD,129.77999879999999,99452.92687119366,103775.61561512361,103775.61561512361,0,0,0,0,True,0.015030680175687872,0.015030680175687872,0,0.042546590684766718,0,0
AMZN:2023-07-07,AMZN,VALIDATION,2023-07-07,2023-07-10,2023-07-14,LONG,SELL,129.77999879999999,99452.92687119366,99353.498807554206,103775.61561512361,99403.200407758079,49.701600203879039,49.726463435580818,99.42806363945985,False,0,0.015030680175687872,0,-0.0010002500833643396,-0.043546840768131166,-0.043546840768131166
ARR:2023-05-05,ARR,TRAIN,2023-05-05,2023-05-08,2023-05-12,CASH,BUY,25.450000760000002,100000,98326.848388858736,100000,99950.024987506258,49.975012493753127,49.950037475014426,99.925049968767553,False,0.031007708665343303,0,0.031498622402006279,-0.016873069078962247,-0.016873069078962247,-0.048371691480968523
ARR:2023-05-05,ARR,TRAIN,2023-05-05,2023-05-08,2023-05-12,CASH,HOLD,25.450000760000002,100000,100000,100000,0,0,0,0,True,0,0,0,0,0,0
ARR:2023-05-05,ARR,TRAIN,2023-05-05,2023-05-08,2023-05-12,CASH,SELL,25.450000760000002,100000,100000,100000,0,0,0,0,True,0,0,0,0,0,0
ARR:2023-05-05,ARR,TRAIN,2023-05-05,2023-05-08,2023-05-12,LONG,BUY,25.450000760000002,99803.531872271735,98231.825671662576,98231.825671662576,0,0,0,0,True,0.031007708665343192,0.031007708665343192,0,-0.015873318995660201,0,0
ARR:2023-05-05,ARR,TRAIN,2023-05-05,2023-05-08,2023-05-12,LONG,HOLD,25.450000760000002,99803.531872271735,98231.825671662576,98231.825671662576,0,0,0,0,True,0.031007708665343192,0.031007708665343192,0,-0.015873318995660201,0,0
ARR:2023-05-05,ARR,TRAIN,2023-05-05,2023-05-08,2023-05-12,LONG,SELL,25.450000760000002,99803.531872271735,99703.753291282424,98231.825671662576,99753.630106335593,49.876815053167796,49.901765936134673,99.778580989302469,False,0,0.031007708665343192,0,-0.0010002500833646729,0.014873068912295404,0.014873068912295404
ARR:2023-05-12,ARR,TRAIN,2023-05-12,2023-05-15,2023-05-19,CASH,BUY,24.600000380000001,100000,97671.070238247004,100000,99950.024987506258,49.975012493753127,49.950037475007136,99.925049968760263,False,0.034482774568091457,0,0.035091336328222103,-0.023564778891935211,-0.023564778891935211,-0.058656115220157318
ARR:2023-05-12,ARR,TRAIN,2023-05-12,2023-05-15,2023-05-19,CASH,HOLD,24.600000380000001,100000,100000,100000,0,0,0,0,True,0,0,0,0,0,0
ARR:2023-05-12,ARR,TRAIN,2023-05-12,2023-05-15,2023-05-19,CASH,SELL,24.600000380000001,100000,100000,100000,0,0,0,0,True,0,0,0,0,0,0
ARR:2023-05-12,ARR,TRAIN,2023-05-12,2023-05-15,2023-05-19,LONG,BUY,24.600000380000001,100203.2489399498,97967.479706193408,97967.479706193408,0,0,0,0,True,0.034482774568091457,0.034482774568091457,0,-0.022565028808633297,0,0
ARR:2023-05-12,ARR,TRAIN,2023-05-12,2023-05-15,2023-05-19,LONG,HOLD,24.600000380000001,100203.2489399498,97967.479706193408,97967.479706193408,0,0,0,0,True,0.034482774568091457,0.034482774568091457,0,-0.022565028808633297,0,0
ARR:2023-05-12,ARR,TRAIN,2023-05-12,2023-05-15,2023-05-19,LONG,SELL,24.600000380000001,100203.2489399498,100103.0707418221,97967.479706193408,100153.14731547984,50.076573657739921,50.101624469966389,100.17819812770631,False,0,0.034482774568091457,0,-0.0010002500833644506,0.021564778725268751,0.021564778725268751
ARR:2023-05-19,ARR,TRAIN,2023-05-19,2023-05-22,2023-05-26,CASH,BUY,24.100000380000001,100000,98661.639601688919,100000,99950.024987506258,49.975012493753127,49.950037475009331,99.925049968762465,False,0.051652890939826612,0,0.053034694945576923,-0.013473971613017702,-0.013473971613017702,-0.066508666558594623
ARR:2023-05-19,ARR,TRAIN,2023-05-19,2023-05-22,2023-05-26,CASH,HOLD,24.100000380000001,100000,100000,100000,0,0,0,0,True,0,0,0,0,0,0
ARR:2023-05-19,ARR,TRAIN,2023-05-19,2023-05-22,2023-05-26,CASH,SELL,24.100000380000001,100000,100000,100000,0,0,0,0,True,0,0,0,0,0,0
ARR:2023-05-19,ARR,TRAIN,2023-05-19,2023-05-22,2023-05-26,LONG,BUY,24.100000380000001,100414.93932955698,99170.121340886035,99170.121340886035,0,0,0,0,True,0.051652890939826612,0.051652890939826612,0,-0.012474221529715864,0,0
ARR:2023-05-19,ARR,TRAIN,2023-05-19,2023-05-22,2023-05-26,LONG,HOLD,24.100000380000001,100414.93932955698,99170.121340886035,99170.121340886035,0,0,0,0,True,0.051652890939826612,0.051652890939826612,0,-0.012474221529715864,0,0
ARR:2023-05-19,ARR,TRAIN,2023-05-19,2023-05-22,2023-05-26,LONG,SELL,24.100000380000001,100414.93932955698,100314.54949396226,99170.121340886035,100364.7318598922,50.182365929946101,50.207469664772162,100.38983559471826,False,0,0.051652890939826612,0,-0.0010002500833645618,0.011473971446351332,0.011473971446351332
ARR:2023-05-26,ARR,TRAIN,2023-05-26,2023-05-30,2023-06-05,CASH,BUY,23.899999619999999,100000,105667.50039201126,100000,99950.024987506258,49.975012493753127,49.950037475005324,99.925049968758458,False,0.0059405790099008593,0,0.0059582944441883834,0.0551271893351696,0.0551271893351696,0.049168894890981217
ARR:2023-05-26,ARR,TRAIN,2023-05-26,2023-05-30,2023-06-05,CASH,HOLD,23.899999619999999,100000,100000,100000,0,0,0,0,True,0,0,0,0,0,0
ARR:2023-05-26,ARR,TRAIN,2023-05-26,2023-05-30,2023-06-05,CASH,SELL,23.899999619999999,100000,100000,100000,0,0,0,0,True,0,0,0,0,0,0
ARR:2023-05-26,ARR,TRAIN,2023-05-26,2023-05-30,2023-06-05,LONG,BUY,23.899999619999999,101464.43675968562,107322.17584863711,107322.17584863711,0,0,0,0,True,0.0059405790099009703,0.0059405790099009703,0,0.056126939418471314,0,0
ARR:2023-05-26,ARR,TRAIN,2023-05-26,2023-05-30,2023-06-05,LONG,HOLD,23.899999619999999,101464.43675968562,107322.17584863711,107322.17584863711,0,0,0,0,True,0.0059405790099009703,0.0059405790099009703,0,0.056126939418471314,0,0
ARR:2023-05-26,ARR,TRAIN,2023-05-26,2023-05-30,2023-06-05,LONG,SELL,23.899999619999999,101464.43675968562,101362.99768903514,107322.17584863711,101413.70454130579,50.706852270652895,50.732218379832346,101.43907065048523,False,0,0.0059405790099009703,0,-0.0010002500833644506,-0.057127189501835741,-0.057127189501835741
ARR:2023-06-02,ARR,TRAIN,2023-06-02,2023-06-05,2023-06-09,CASH,BUY,25.75,100000,100095.18931523831,100000,99950.024987506258,49.975012493753127,49.950037475006717,99.925049968759851,False,0.013645239188506575,0,0.013739191108015317,0.00095144038939485611,0.00095144038939485611,-0.012787750718620461
ARR:2023-06-02,ARR,TRAIN,2023-06-02,2023-06-05,2023-06-09,CASH,HOLD,25.75,100000,100000,100000,0,0,0,0,True,0,0,0,0,0,0
ARR:2023-06-02,ARR,TRAIN,2023-06-02,2023-06-05,2023-06-09,CASH,SELL,25.75,100000,100000,100000,0,0,0,0,True,0,0,0,0,0,0
ARR:2023-06-02,ARR,TRAIN,2023-06-02,2023-06-05,2023-06-09,LONG,BUY,25.75,99417.477203883493,99611.649009708723,99611.649009708723,0,0,0,0,True,0.013645239188506353,0.013645239188506353,0,0.0019511904726967038,0,0
ARR:2023-06-02,ARR,TRAIN,2023-06-02,2023-06-05,2023-06-09,LONG,HOLD,25.75,99417.477203883493,99611.649009708723,99611.649009708723,0,0,0,0,True,0.013645239188506353,0.013645239188506353,0,0.0019511904726967038,0,0
ARR:2023-06-02,ARR,TRAIN,2023-06-02,2023-06-05,2023-06-09,LONG,SELL,25.75,99417.477203883493,99318.084581048926,99611.649009708723,99367.768465281566,49.683884232640786,49.708738601932879,99.392622834573672,False,0,0.013645239188506353,0,-0.0010002500833644506,-0.0029514405560612735,-0.0029514405560612735
ARR:2023-06-09,ARR,TRAIN,2023-06-09,2023-06-12,2023-06-16,CASH,BUY,25.649999619999999,100000,102821.13129640758,100000,99950.024987506258,49.975012493753127,49.950037475016757,99.925049968769883,False,0.009505689248073157,0,0.0095511566743362898,0.027820703267004733,0.027820703267004733,0.018269546592668443
ARR:2023-06-09,ARR,TRAIN,2023-06-09,2023-06-12,2023-06-16,CASH,HOLD,25.649999619999999,100000,100000,100000,0,0,0,0,True,0,0,0,0,0,0
ARR:2023-06-09,ARR,TRAIN,2023-06-09,2023-06-12,2023-06-16,CASH,SELL,25.649999619999999,100000,100000,100000,0,0,0,0,True,0,0,0,0,0,0
ARR:2023-06-09,ARR,TRAIN,2023-06-09,2023-06-12,2023-06-16,LONG,BUY,25.649999619999999,100000,102923.97813298681,102923.97813298681,0,0,0,0,True,0.009505689248073157,0.009505689248073157,0,0.028820453350306911,0,0
ARR:2023-06-09,ARR,TRAIN,2023-06-09,2023-06-12,2023-06-16,LONG,HOLD,25.649999619999999,100000,102923.97813298681,102923.97813298681,0,0,0,0,True,0.009505689248073157,0.009505689248073157,0,0.028820453350306911,0,0
ARR:2023-06-09,ARR,TRAIN,2023-06-09,2023-06-12,2023-06-16,LONG,SELL,25.649999619999999,100000,99900.024999999994,102923.97813298681,99950,49.975000000000001,50.000000000001144,99.975000000001145,False,0,0.009505689248073157,0,-0.0010002500833646729,-0.029820703433671582,-0.029820703433671582
ARR:2023-06-16,ARR,TRAIN,2023-06-16,2023-06-20,2023-06-26,CASH,BUY,26,100000,99900.074950031238,100000,99950.024987506244,49.97501249375312,49.950037475008408,99.925049968761527,False,0.030476161523809386,0,0.030950216178625867,-0.00099975008330204017,-0.00099975008330204017,-0.031949966261927906
ARR:2023-06-16,ARR,TRAIN,2023-06-16,2023-06-20,2023-06-26,CASH,HOLD,26,100000,100000,100000,0,0,0,0,True,0,0,0,0,0,0
ARR:2023-06-16,ARR,TRAIN,2023-06-16,2023-06-20,2023-06-26,CASH,SELL,26,100000,100000,100000,0,0,0,0,True,0,0,0,0,0,0
ARR:2023-06-16,ARR,TRAIN,2023-06-16,2023-06-20,2023-06-26,LONG,BUY,26,100000,100000,100000,0,0,0,0,True,0.030476161523809497,0.030476161523809497,0,0,0,0
ARR:2023-06-16,ARR,TRAIN,2023-06-16,2023-06-20,2023-06-26,LONG,HOLD,26,100000,100000,100000,0,0,0,0,True,0.030476161523809497,0.030476161523809497,0,0,0,0
ARR:2023-06-16,ARR,TRAIN,2023-06-16,2023-06-20,2023-06-26,LONG,SELL,26,100000,99900.025000000009,100000,99950.000000000015,49.975000000000009,49.999999999992788,99.974999999992804,False,0,0.030476161523809497,0,-0.0010002500833645618,-0.0010002500833645618,-0.0010002500833645618
ARR:2023-06-30,ARR,VALIDATION,2023-06-30,2023-07-03,2023-07-10,CASH,BUY,26.649999619999999,100000,96719.734154057616,100000,99950.024987506258,49.975012493753127,49.950037475005672,99.925049968758799,False,0.054307143023467175,0,0.055837438149254175,-0.033352728299293401,-0.033352728299293401,-0.089190166448547575
ARR:2023-06-30,ARR,VALIDATION,2023-06-30,2023-07-03,2023-07-10,CASH,HOLD,26.649999619999999,100000,100000,100000,0,0,0,0,True,0,0,0,0,0,0
ARR:2023-06-30,ARR,VALIDATION,2023-06-30,2023-07-03,2023-07-10,CASH,SELL,26.649999619999999,100000,100000,100000,0,0,0,0,True,0,0,0,0,0,0
ARR:2023-06-30,ARR,VALIDATION,2023-06-30,2023-07-03,2023-07-10,LONG,BUY,26.649999619999999,100187.62154113683,96998.126636371046,96998.126636371046,0,0,0,0,True,0.054307143023467286,0.054307143023467286,0,-0.032352978215991562,0,0
ARR:2023-06-30,ARR,VALIDATION,2023-06-30,2023-07-03,2023-07-10,LONG,HOLD,26.649999619999999,100187.62154113683,96998.126636371046,96998.126636371046,0,0,0,0,True,0.054307143023467286,0.054307143023467286,0,-0.032352978215991562,0,0
ARR:2023-06-30,ARR,VALIDATION,2023-06-30,2023-07-03,2023-07-10,LONG,SELL,26.649999619999999,100187.62154113683,100087.45896650109,96998.126636371046,100137.52773036627,50.068763865183136,50.093810770558427,100.16257463574156,False,0,0.054307143023467286,0,-0.0010002500833645618,0.031352728132627045,0.031352728132627045
ARR:2023-07-07,ARR,VALIDATION,2023-07-07,2023-07-10,2023-07-14,CASH,BUY,25.850000380000001,100000,98740.690115659861,100000,99950.024987506244,49.97501249375312,49.950037475009104,99.925049968762224,False,0.024809203097137633,0,0.025122137997769453,-0.012673063961018624,-0.012673063961018624,-0.037795201958788077
ARR:2023-07-07,ARR,VALIDATION,2023-07-07,2023-07-10,2023-07-14,CASH,HOLD,25.850000380000001,100000,100000,100000,0,0,0,0,True,0,0,0,0,0,0
ARR:2023-07-07,ARR,VALIDATION,2023-07-07,2023-07-10,2023-07-14,CASH,SELL,25.850000380000001,100000,100000,100000,0,0,0,0,True,0,0,0,0,0,0
ARR:2023-07-07,ARR,VALIDATION,2023-07-07,2023-07-10,2023-07-14,LONG,BUY,25.850000380000001,100000,98839.455490948036,98839.455490948036,0,0,0,0,True,0.024809203097137633,0.024809203097137633,0,-0.011673313877716628,0,0
ARR:2023-07-07,ARR,VALIDATION,2023-07-07,2023-07-10,2023-07-14,LONG,HOLD,25.850000380000001,100000,98839.455490948036,98839.455490948036,0,0,0,0,True,0.024809203097137633,0.024809203097137633,0,-0.011673313877716628,0,0
ARR:2023-07-07,ARR,VALIDATION,2023-07-07,2023-07-10,2023-07-14,LONG,SELL,25.850000380000001,100000,99900.024999999994,98839.455490948036,99950,49.975000000000001,49.999999999993477,99.974999999993486,False,0,0.024809203097137633,0,-0.0010002500833646729,0.010673063794352004,0.010673063794352004
EML:2023-05-05,EML,TRAIN,2023-05-05,2023-05-08,2023-05-12,CASH,BUY,17.100000380000001,100000,97725.781904297299,100000,99950.024987506258,49.975012493753127,49.950037475003597,99.925049968756724,False,0.021764678823529504,0,0.022005023190526371,-0.023004773273828182,-0.023004773273828182,-0.045009796464354553
EML:2023-05-05,EML,TRAIN,2023-05-05,2023-05-08,2023-05-12,CASH,HOLD,17.100000380000001,100000,100000,100000,0,0,0,0,True,0,0,0,0,0,0
EML:2023-05-05,EML,TRAIN,2023-05-05,2023-05-08,2023-05-12,CASH,SELL,17.100000380000001,100000,100000,100000,0,0,0,0,True,0,0,0,0,0,0
EML:2023-05-05,EML,TRAIN,2023-05-05,2023-05-08,2023-05-12,LONG,BUY,17.100000380000001,99415.202469135853,97251.462517218955,97251.462517218955,0,0,0,0,True,0.021764678823529504,0.021764678823529504,0,-0.022005023190526371,0,0
EML:2023-05-05,EML,TRAIN,2023-05-05,2023-05-08,2023-05-12,LONG,HOLD,17.100000380000001,99415.202469135853,97251.462517218955,97251.462517218955,0,0,0,0,True,0.021764678823529504,0.021764678823529504,0,-0.022005023190526371,0,0
EML:2023-05-05,EML,TRAIN,2023-05-05,2023-05-08,2023-05-12,LONG,SELL,17.100000380000001,99415.202469135853,99315.812120467337,97251.462517218955,99365.494867901289,49.682747433950645,49.707601234555959,99.390348668506604,False,0,0.021764678823529504,0,-0.0010002500833645618,0.021004773107161805,0.021004773107161805
EML:2023-05-12,EML,TRAIN,2023-05-12,2023-05-15,2023-05-19,CASH,BUY,16.520000459999999,100000,99482.084844247933,100000,99950.024987506258,49.975012493753127,49.950037475007285,99.925049968760419,False,0.010101014308263934,0,0.010152375714203011,-0.0051926098514222634,-0.0051926098514222634,-0.015344985565625274
EML:2023-05-12,EML,TRAIN,2023-05-12,2023-05-15,2023-05-19,CASH,HOLD,16.520000459999999,100000,100000,100000,0,0,0,0,True,0,0,0,0,0,0
EML:2023-05-12,EML,TRAIN,2023-05-12,2023-05-15,2023-05-19,CASH,SELL,16.520000459999999,100000,100000,100000,0,0,0,0,True,0,0,0,0,0,0
EML:2023-05-12,EML,TRAIN,2023-05-12,2023-05-15,2023-05-19,LONG,BUY,16.520000459999999,101271.18083627464,100847.4539110273,100847.4539110273,0,0,0,0,True,0.010101014308263934,0.010101014308263934,0,-0.0041928597681202872,0,0
EML:2023-05-12,EML,TRAIN,2023-05-12,2023-05-15,2023-05-19,LONG,HOLD,16.520000459999999,101271.18083627464,100847.4539110273,100847.4539110273,0,0,0,0,True,0.010101014308263934,0.010101014308263934,0,-0.0041928597681202872,0,0
EML:2023-05-12,EML,TRAIN,2023-05-12,2023-05-15,2023-05-19,LONG,SELL,16.520000459999999,101271.18083627464,101169.93497323358,100847.4539110273,101220.54524585651,50.610272622928257,50.635590418128864,101.24586304105712,False,0,0.010101014308263934,0,-0.0010002500833644506,0.0031926096847556987,0.0031926096847556987
EML:2023-05-19,EML,TRAIN,2023-05-19,2023-05-22,2023-05-26,CASH,BUY,16.659999849999998,100000,97249.431006574858,100000,99950.024987506258,49.975012493753127,49.950037475018263,99.92504996877139,False,0.051694407108222817,0,0.053078473301371956,-0.027891054338786993,-0.027891054338786993,-0.080969527640158953
EML:2023-05-19,EML,TRAIN,2023-05-19,2023-05-22,2023-05-26,CASH,HOLD,16.659999849999998,100000,100000,100000,0,0,0,0,True,0,0,0,0,0,0
EML:2023-05-19,EML,TRAIN,2023-05-19,2023-05-22,2023-05-26,CASH,SELL,16.659999849999998,100000,100000,100000,0,0,0,0,True,0,0,0,0,0,0
EML:2023-05-19,EML,TRAIN,2023-05-19,2023-05-22,2023-05-26,LONG,BUY,16.659999849999998,101800.71568247944,99099.642128748281,99099.642128748281,0,0,0,0,True,0.051694407108222928,0.051694407108222928,0,-0.026891304255485044,0,0
EML:2023-05-19,EML,TRAIN,2023-05-19,2023-05-22,2023-05-26,LONG,HOLD,16.659999849999998,101800.71568247944,99099.642128748281,99099.642128748281,0,0,0,0,True,0.051694407108222928,0.051694407108222928,0,-0.026891304255485044,0,0
EML:2023-05-19,EML,TRAIN,2023-05-19,2023-05-22,2023-05-26,LONG,SELL,16.659999849999998,101800.71568247944,101698.94041697588,99099.642128748281,101749.8153246382,50.874907662319103,50.900357841242418,101.77526550356151,False,0,0.051694407108222928,0,-0.0010002500833645618,0.025891054172120408,0.025891054172120408
EML:2023-05-26,EML,TRAIN,2023-05-26,2023-05-30,2023-06-05,CASH,BUY,16.510000229999999,100000,99477.793820786756,100000,99950.024987506258,49.975012493753127,49.950037475007846,99.925049968760973,False,0.016304260787515679,0,0.016438637861964256,-0.005235744411923959,-0.005235744411923959,-0.021674382273888217
EML:2023-05-26,EML,TRAIN,2023-05-26,2023-05-30,2023-06-05,CASH,HOLD,16.510000229999999,100000,100000,100000,0,0,0,0,True,0,0,0,0,0,0
EML:2023-05-26,EML,TRAIN,2023-05-26,2023-05-30,2023-06-05,CASH,SELL,16.510000229999999,100000,100000,100000,0,0,0,0,True,0,0,0,0,0,0
EML:2023-05-26,EML,TRAIN,2023-05-26,2023-05-30,2023-06-05,LONG,BUY,16.510000229999999,100302.84215205006,99878.858511681567,99878.858511681567,0,0,0,0,True,0.016304260787515568,0.016304260787515568,0,-0.0042359943286219299,0,0
EML:2023-05-26,EML,TRAIN,2023-05-26,2023-05-30,2023-06-05,LONG,HOLD,16.510000229999999,100302.84215205006,99878.858511681567,99878.858511681567,0,0,0,0,True,0.016304260787515568,0.016304260787515568,0,-0.0042359943286219299,0,0
EML:2023-05-26,EML,TRAIN,2023-05-26,2023-05-30,2023-06-05,LONG,SELL,16.510000229999999,100302.84215205006,100202.56438560857,99878.858511681567,100252.69073097405,50.126345365487026,50.151421076017222,100.27776644150424,False,0,0.016304260787515568,0,-0.0010002500833643396,0.0032357442452575482,0.0032357442452575482
EML:2023-06-02,EML,TRAIN,2023-06-02,2023-06-05,2023-06-09,CASH,BUY,16.350000380000001,100000,104788.14725452666,100000,99950.024987506244,49.97501249375312,49.950037475018682,99.925049968771802,False,0,0,0,0.046770480786359606,0.046770480786359606,0.046770480786359606
EML:2023-06-02,EML,TRAIN,2023-06-02,2023-06-05,2023-06-09,CASH,HOLD,16.350000380000001,100000,100000,100000,0,0,0,0,True,0,0,0,0,0,0
EML:2023-06-02,EML,TRAIN,2023-06-02,2023-06-05,2023-06-09,CASH,SELL,16.350000380000001,100000,100000,100000,0,0,0,0,True,0,0,0,0,0,0
EML:2023-06-02,EML,TRAIN,2023-06-02,2023-06-05,2023-06-09,LONG,BUY,16.350000380000001,100000,104892.961598818,104892.961598818,0,0,0,0,True,0,0,0,0.047770230869661777,0,0
EML:2023-06-02,EML,TRAIN,2023-06-02,2023-06-05,2023-06-09,LONG,HOLD,16.350000380000001,100000,104892.961598818,104892.961598818,0,0,0,0,True,0,0,0,0.047770230869661777,0,0
EML:2023-06-02,EML,TRAIN,2023-06-02,2023-06-05,2023-06-09,LONG,SELL,16.350000380000001,100000,99900.024999999994,104892.961598818,99950,49.975000000000001,50.000000000003077,99.975000000003078,False,0,0,0,-0.0010002500833646729,-0.048770480953026447,-0.048770480953026447
EML:2023-06-09,EML,TRAIN,2023-06-09,2023-06-12,2023-06-16,CASH,BUY,17.149999619999999,100000,115454.43179495195,100000,99950.024987506258,49.975012493753127,49.95003747501714,99.925049968770267,False,0,0,0,0.14370573621251828,0.14370573621251828,0.14370573621251828
EML:2023-06-09,EML,TRAIN,2023-06-09,2023-06-12,2023-06-16,CASH,HOLD,17.149999619999999,100000,100000,100000,0,0,0,0,True,0,0,0,0,0,0
EML:2023-06-09,EML,TRAIN,2023-06-09,2023-06-12,2023-06-16,CASH,SELL,17.149999619999999,100000,100000,100000,0,0,0,0,True,0,0,0,0,0,0
EML:2023-06-09,EML,TRAIN,2023-06-09,2023-06-12,2023-06-16,LONG,BUY,17.149999619999999,99241.987388452195,114693.88055881487,114693.88055881487,0,0,0,0,True,0,0,0,0.14470548629582053,0,0
EML:2023-06-09,EML,TRAIN,2023-06-09,2023-06-12,2023-06-16,LONG,HOLD,17.149999619999999,99241.987388452195,114693.88055881487,114693.88055881487,0,0,0,0,True,0,0,0,0.14470548629582053,0,0
EML:2023-06-09,EML,TRAIN,2023-06-09,2023-06-12,2023-06-16,LONG,SELL,17.149999619999999,99241.987388452195,99142.770211560593,114693.88055881487,99192.366394757977,49.596183197378991,49.620993694227614,99.217176891606613,False,0,0,0,-0.0010002500833645618,-0.14570573637918496,-0.14570573637918496
EML:2023-06-16,EML,TRAIN,2023-06-16,2023-06-20,2023-06-26,CASH,BUY,19.670000080000001,100000,90001.903390176609,100000,99950.024987506258,49.975012493753127,49.950037475009772,99.925049968762892,False,0.099080722059573856,0,0.1043396170184166,-0.10533936710171851,-0.10533936710171851,-0.20967898412013511
EML:2023-06-16,EML,TRAIN,2023-06-16,2023-06-20,2023-06-26,CASH,HOLD,19.670000080000001,100000,100000,100000,0,0,0,0,True,0,0,0,0,0,0
EML:2023-06-16,EML,TRAIN,2023-06-16,2023-06-20,2023-06-26,CASH,SELL,19.670000080000001,100000,100000,100000,0,0,0,0,True,0,0,0,0,0,0
EML:2023-06-16,EML,TRAIN,2023-06-16,2023-06-20,2023-06-26,LONG,BUY,19.670000080000001,99542.44962056959,89679.7118365848,89679.7118365848,0,0,0,0,True,0.099080722059573856,0.099080722059573856,0,-0.1043396170184166,0,0
EML:2023-06-16,EML,TRAIN,2023-06-16,2023-06-20,2023-06-26,LONG,HOLD,19.670000080000001,99542.44962056959,89679.7118365848,89679.7118365848,0,0,0,0,True,0.099080722059573856,0.099080722059573856,0,-0.1043396170184166,0,0
EML:2023-06-16,EML,TRAIN,2023-06-16,2023-06-20,2023-06-26,LONG,SELL,19.670000080000001,99542.44962056959,99442.932056561433,89679.7118365848,99492.678395759314,49.746339197879657,49.771224810278959,99.517564008158615,False,0,0.099080722059573856,0,-0.0010002500833645618,0.10333936693505207,0.10333936693505207
EML:2023-06-30,EML,VALIDATION,2023-06-30,2023-07-03,2023-07-10,CASH,BUY,18.090000150000002,100000,101817.97688292182,100000,99950.024987506244,49.97501249375312,49.950037475008216,99.925049968761329,False,0.0038716642870426643,0,0.0038791785807039854,0.018016492743634913,0.018016492743634913,0.014137314162930927
EML:2023-06-30,EML,VALIDATION,2023-06-30,2023-07-03,2023-07-10,CASH,HOLD,18.090000150000002,100000,100000,100000,0,0,0,0,True,0,0,0,0,0,0
EML:2023-06-30,EML,VALIDATION,2023-06-30,2023-07-03,2023-07-10,CASH,SELL,18.090000150000002,100000,100000,100000,0,0,0,0,True,0,0,0,0,0,0
EML:2023-06-30,EML,VALIDATION,2023-06-30,2023-07-03,2023-07-10,LONG,BUY,18.090000150000002,97899.386031790607,99778.878332402877,99778.878332402877,0,0,0,0,True,0.0038716642870427753,0.0038716642870427753,0,0.019016242826936938,0,0
EML:2023-06-30,EML,VALIDATION,2023-06-30,2023-07-03,2023-07-10,LONG,HOLD,18.090000150000002,97899.386031790607,99778.878332402877,99778.878332402877,0,0,0,0,True,0.0038716642870427753,0.0038716642870427753,0,0.019016242826936938,0,0
EML:2023-06-30,EML,VALIDATION,2023-06-30,2023-07-03,2023-07-10,LONG,SELL,18.090000150000002,97899.386031790607,97801.511120605326,99778.878332402877,97850.436338774714,48.925218169387357,48.949693015888045,97.874911185275408,False,0,0.0038716642870427753,0,-0.0010002500833645618,-0.020016492910301505,-0.020016492910301505
EML:2023-07-07,EML,VALIDATION,2023-07-07,2023-07-10,2023-07-14,CASH,BUY,18.010000229999999,100000,99124.790047046772,100000,99950.024987506258,49.975012493753127,49.95003747500369,99.925049968756809,False,0.021857903640000398,0,0.022100326699660972,-0.0087906240979022474,-0.0087906240979022474,-0.030890950797563217
EML:2023-07-07,EML,VALIDATION,2023-07-07,2023-07-10,2023-07-14,CASH,HOLD,18.010000229999999,100000,100000,100000,0,0,0,0,True,0,0,0,0,0,0
EML:2023-07-07,EML,VALIDATION,2023-07-07,2023-07-10,2023-07-14,CASH,SELL,18.010000229999999,100000,100000,100000,0,0,0,0,True,0,0,0,0,0,0
EML:2023-07-07,EML,VALIDATION,2023-07-07,2023-07-10,2023-07-14,LONG,BUY,18.010000229999999,100166.57795456343,99389.224827344719,99389.224827344719,0,0,0,0,True,0.021857903640000287,0.021857903640000287,0,-0.0077908740146003493,0,0
EML:2023-07-07,EML,VALIDATION,2023-07-07,2023-07-10,2023-07-14,LONG,HOLD,18.010000229999999,100166.57795456343,99389.224827344719,99389.224827344719,0,0,0,0,True,0.021857903640000287,0.021857903640000287,0,-0.0077908740146003493,0,0
EML:2023-07-07,EML,VALIDATION,2023-07-07,2023-07-10,2023-07-14,LONG,SELL,18.010000229999999,100166.57795456343,100066.43641825336,99389.224827344719,100116.49466558616,50.05824733279308,50.083288977269753,100.14153631006283,False,0,0.021857903640000287,0,-0.0010002500833645618,0.0067906239312356832,0.0067906239312356832
JBSS:2023-05-05,JBSS,TRAIN,2023-05-05,2023-05-08,2023-05-12,CASH,BUY,116.36000060000001,100000,95844.745918693763,100000,99950.024987506258,49.975012493753127,49.950037475005402,99.925049968758529,False,0.040593853742010855,0,0.041440783578649568,-0.042440533661951427,-0.042440533661951427,-0.083881317240600994
JBSS:2023-05-05,JBSS,TRAIN,2023-05-05,2023-05-08,2023-05-12,CASH,HOLD,116.36000060000001,100000,100000,100000,0,0,0,0,True,0,0,0,0,0,0
JBSS:2023-05-05,JBSS,TRAIN,2023-05-05,2023-05-08,2023-05-12,CASH,SELL,116.36000060000001,100000,100000,100000,0,0,0,0,True,0,0,0,0,0,0
JBSS:2023-05-05,JBSS,TRAIN,2023-05-05,2023-05-08,2023-05-12,LONG,BUY,116.36000060000001,100137.50085869283,96072.533794744566,96072.533794744566,0,0,0,0,True,0.040593853742010855,0.040593853742010855,0,-0.041440783578649561,0,0
JBSS:2023-05-05,JBSS,TRAIN,2023-05-05,2023-05-08,2023-05-12,LONG,HOLD,116.36000060000001,100137.50085869283,96072.533794744566,96072.533794744566,0,0,0,0,True,0.040593853742010855,0.040593853742010855,0,-0.041440783578649561,0,0
JBSS:2023-05-05,JBSS,TRAIN,2023-05-05,2023-05-08,2023-05-12,LONG,SELL,116.36000060000001,100137.50085869283,100037.38839220937,96072.533794744566,100087.4321082635,50.04371605413175,50.068750429336163,100.11246648346791,False,0,0.040593853742010855,0,-0.0010002500833644506,0.040440533495285091,0.040440533495285091
JBSS:2023-05-12,JBSS,TRAIN,2023-05-12,2023-05-15,2023-05-19,CASH,BUY,111.7900009,100000,100437.37017815947,100000,99950.024987506258,49.975012493753127,49.950037475007925,99.925049968761044,False,0.010308299791501718,0,0.010361798283698593,0.0043641649453644666,0.0043641649453644666,-0.005997633338334126
JBSS:2023-05-12,JBSS,TRAIN,2023-05-12,2023-05-15,2023-05-19,CASH,HOLD,111.7900009,100000,100000,100000,0,0,0,0,True,0,0,0,0,0,0
JBSS:2023-05-12,JBSS,TRAIN,2023-05-12,2023-05-15,2023-05-19,CASH,SELL,111.7900009,100000,100000,100000,0,0,0,0,True,0,0,0,0,0,0
JBSS:2023-05-12,JBSS,TRAIN,2023-05-12,2023-05-15,2023-05-19,LONG,BUY,111.7900009,99794.254138878008,100330.98022812522,100330.98022812522,0,0,0,0,True,0.010308299791501607,0.010308299791501607,0,0.0053639150286662121,0,0
JBSS:2023-05-12,JBSS,TRAIN,2023-05-12,2023-05-15,2023-05-19,LONG,HOLD,111.7900009,99794.254138878008,100330.98022812522,100330.98022812522,0,0,0,0,True,0.010308299791501607,0.010308299791501607,0,0.0053639150286662121,0,0
JBSS:2023-05-12,JBSS,TRAIN,2023-05-12,2023-05-15,2023-05-19,LONG,SELL,111.7900009,99794.254138878008,99694.484833302675,100330.98022812522,99744.357011808577,49.872178505904287,49.897127069431313,99.769305575335608,False,0,0.010308299791501607,0,-0.0010002500833644506,-0.0063641651120307742,-0.0063641651120307742
JBSS:2023-05-19,JBSS,TRAIN,2023-05-19,2023-05-22,2023-05-26,CASH,BUY,112.1600037,100000,103804.99230799034,100000,99950.024987506244,49.97501249375312,49.950037475012721,99.925049968765848,False,0.0037396332381366415,0,0.0037466431483003729,0.037343879039848468,0.037343879039848468,0.033597235891548095
JBSS:2023-05-19,JBSS,TRAIN,2023-05-19,2023-05-22,2023-05-26,CASH,HOLD,112.1600037,100000,100000,100000,0,0,0,0,True,0,0,0,0,0,0
JBSS:2023-05-19,JBSS,TRAIN,2023-05-19,2023-05-22,2023-05-26,CASH,SELL,112.1600037,100000,100000,100000,0,0,0,0,True,0,0,0,0,0,0
JBSS:2023-05-19,JBSS,TRAIN,2023-05-19,2023-05-22,2023-05-26,LONG,BUY,112.1600037,100133.73207476098,104047.7826767404,104047.7826767404,0,0,0,0,True,0.0037396332381366415,0.0037396332381366415,0,0.038343629123150494,0,0
JBSS:2023-05-19,JBSS,TRAIN,2023-05-19,2023-05-22,2023-05-26,LONG,HOLD,112.1600037,100133.73207476098,104047.7826767404,104047.7826767404,0,0,0,0,True,0.0037396332381366415,0.0037396332381366415,0,0.038343629123150494,0,0
JBSS:2023-05-19,JBSS,TRAIN,2023-05-19,2023-05-22,2023-05-26,LONG,SELL,112.1600037,100133.73207476098,100033.62337611924,104047.7826767404,100083.6652087236,50.041832604361801,50.066866037377586,100.10869864173938,False,0,0.0037396332381366415,0,-0.0010002500833645618,-0.039343879206514935,-0.039343879206514935
JBSS:2023-05-26,JBSS,TRAIN,2023-05-26,2023-05-30,2023-06-05,CASH,BUY,116.6999969,100000,101514.25875595154,100000,99950.024987506258,49.975012493753127,49.950037475004393,99.92504996875752,False,0.016648320253085047,0,0.016788461120683773,0.01502908298151215,0.01502908298151215,-0.0017593781391716228
JBSS:2023-05-26,JBSS,TRAIN,2023-05-26,2023-05-30,2023-06-05,CASH,HOLD,116.6999969,100000,100000,100000,0,0,0,0,True,0,0,0,0,0,0
JBSS:2023-05-26,JBSS,TRAIN,2023-05-26,2023-05-30,2023-06-05,CASH,SELL,116.6999969,100000,100000,100000,0,0,0,0,True,0,0,0,0,0,0
JBSS:2023-05-26,JBSS,TRAIN,2023-05-26,2023-05-30,2023-06-05,LONG,BUY,116.6999969,100231.36615867382,101850.90296262038,101850.90296262038,0,0,0,0,True,0.016648320253085158,0.016648320253085158,0,0.016028833064813872,0,0
JBSS:2023-05-26,JBSS,TRAIN,2023-05-26,2023-05-30,2023-06-05,LONG,HOLD,116.6999969,100231.36615867382,101850.90296262038,101850.90296262038,0,0,0,0,True,0.016648320253085158,0.016648320253085158,0,0.016028833064813872,0,0
JBSS:2023-05-26,JBSS,TRAIN,2023-05-26,2023-05-30,2023-06-05,LONG,SELL,116.6999969,100231.36615867382,100131.15985035668,101850.90296262038,100181.25047559448,50.090625237797241,50.115683079325635,100.20630831712288,False,0,0.016648320253085158,0,-0.0010002500833646729,-0.017029083148178383,-0.017029083148178383
JBSS:2023-06-02,JBSS,TRAIN,2023-06-02,2023-06-05,2023-06-09,CASH,BUY,118.5,100000,103837.69203381447,100000,99950.024987506258,49.975012493753127,49.950037475008997,99.925049968762124,False,0.0077608411999419147,0,0.0077911132541269683,0.037658840544012313,0.037658840544012313,0.029867727289885345
JBSS:2023-06-02,JBSS,TRAIN,2023-06-02,2023-06-05,2023-06-09,CASH,HOLD,118.5,100000,100000,100000,0,0,0,0,True,0,0,0,0,0,0
JBSS:2023-06-02,JBSS,TRAIN,2023-06-02,2023-06-05,2023-06-09,CASH,SELL,118.5,100000,100000,100000,0,0,0,0,True,0,0,0,0,0,0
JBSS:2023-06-02,JBSS,TRAIN,2023-06-02,2023-06-05,2023-06-09,LONG,BUY,118.5,99341.773164556958,103257.38447257385,103257.38447257385,0,0,0,0,True,0.0077608411999419147,0.0077608411999419147,0,0.038658590627314221,0,0
JBSS:2023-06-02,JBSS,TRAIN,2023-06-02,2023-06-05,2023-06-09,LONG,HOLD,118.5,99341.773164556958,103257.38447257385,103257.38447257385,0,0,0,0,True,0.0077608411999419147,0.0077608411999419147,0,0.038658590627314221,0,0
JBSS:2023-06-02,JBSS,TRAIN,2023-06-02,2023-06-05,2023-06-09,LONG,SELL,118.5,99341.773164556958,99242.456226835697,103257.38447257385,99292.102277974685,49.646051138987346,49.670886582271891,99.316937721259237,False,0,0.0077608411999419147,0,-0.0010002500833645618,-0.039658840710678718,-0.039658840710678718
JBSS:2023-06-09,JBSS,TRAIN,2023-06-09,2023-06-12,2023-06-16,CASH,BUY,122.36000060000001,100000,101955.1594334094,100000,99950.024987506244,49.97501249375312,49.950037475004962,99.925049968758088,False,0.014666941170695003,0,0.014775564172208383,0.019362917239933636,0.019362917239933636,0.0045873530677252531
JBSS:2023-06-09,JBSS,TRAIN,2023-06-09,2023-06-12,2023-06-16,CASH,HOLD,122.36000060000001,100000,100000,100000,0,0,0,0,True,0,0,0,0,0,0
JBSS:2023-06-09,JBSS,TRAIN,2023-06-09,2023-06-12,2023-06-16,CASH,SELL,122.36000060000001,100000,100000,100000,0,0,0,0,True,0,0,0,0,0,0
JBSS:2023-06-09,JBSS,TRAIN,2023-06-09,2023-06-12,2023-06-16,LONG,BUY,122.36000060000001,100114.41598505517,102173.90976377617,102173.90976377617,0,0,0,0,True,0.014666941170694781,0.014666941170694781,0,0.020362667323235491,0,0
JBSS:2023-06-09,JBSS,TRAIN,2023-06-09,2023-06-12,2023-06-16,LONG,HOLD,122.36000060000001,100114.41598505517,102173.90976377617,102173.90976377617,0,0,0,0,True,0.014666941170694781,0.014666941170694781,0,0.020362667323235491,0,0
JBSS:2023-06-09,JBSS,TRAIN,2023-06-09,2023-06-12,2023-06-16,LONG,SELL,122.36000060000001,100114.41598505517,100014.32659767411,102173.90976377617,100064.35877706265,50.032179388531326,50.057207992516894,100.08938738104823,False,0,0.014666941170694781,0,-0.0010002500833645618,-0.021362917406599981,-0.021362917406599981
JBSS:2023-06-16,JBSS,TRAIN,2023-06-16,2023-06-20,2023-06-26,CASH,BUY,125.0199966,100000,99764.201414494761,100000,99950.024987506258,49.975012493753127,49.950037475005054,99.925049968758174,False,0.012478141024824807,0,0.012556646780786983,-0.002360770281652273,-0.002360770281652273,-0.014917417062439256
JBSS:2023-06-16,JBSS,TRAIN,2023-06-16,2023-06-20,2023-06-26,CASH,HOLD,125.0199966,100000,100000,100000,0,0,0,0,True,0,0,0,0,0,0
JBSS:2023-06-16,JBSS,TRAIN,2023-06-16,2023-06-20,2023-06-26,CASH,SELL,125.0199966,100000,100000,100000,0,0,0,0,True,0,0,0,0,0,0
JBSS:2023-06-16,JBSS,TRAIN,2023-06-16,2023-06-20,2023-06-26,LONG,BUY,125.0199966,99976.00487856676,99840.028071157372,99840.028071157372,0,0,0,0,True,0.012478141024824696,0.012478141024824696,0,-0.0013610201983503161,0,0
JBSS:2023-06-16,JBSS,TRAIN,2023-06-16,2023-06-20,2023-06-26,LONG,HOLD,125.0199966,99976.00487856676,99840.028071157372,99840.028071157372,0,0,0,0,True,0.012478141024824696,0.012478141024824696,0,-0.0013610201983503161,0,0
JBSS:2023-06-16,JBSS,TRAIN,2023-06-16,2023-06-20,2023-06-26,LONG,SELL,125.0199966,99976.00487856676,99876.053867689436,99840.028071157372,99926.016876127498,49.963008438063753,49.988002439272805,99.951010877336557,False,0,0.012478141024824696,0,-0.0010002500833643396,0.00036077011498592362,0.00036077011498592362
JBSS:2023-06-30,JBSS,VALIDATION,2023-06-30,2023-07-03,2023-07-10,CASH,BUY,117.2699966,100000,94820.551314084281,100000,99950.024987506244,49.97501249375312,49.950037475013744,99.925049968766871,False,0.062167418171302113,0,0.064183830097264832,-0.053184014208260362,-0.053184014208260362,-0.11736784430552519
JBSS:2023-06-30,JBSS,VALIDATION,2023-06-30,2023-07-03,2023-07-10,CASH,HOLD,117.2699966,100000,100000,100000,0,0,0,0,True,0,0,0,0,0,0
JBSS:2023-06-30,JBSS,VALIDATION,2023-06-30,2023-07-03,2023-07-10,CASH,SELL,117.2699966,100000,100000,100000,0,0,0,0,True,0,0,0,0,0,0
JBSS:2023-06-30,JBSS,VALIDATION,2023-06-30,2023-07-03,2023-07-10,LONG,BUY,117.2699966,100289.93264249827,95190.586285051526,95190.586285051526,0,0,0,0,True,0.062167418171301891,0.062167418171301891,0,-0.052184264124958302,0,0
JBSS:2023-06-30,JBSS,VALIDATION,2023-06-30,2023-07-03,2023-07-10,LONG,HOLD,117.2699966,100289.93264249827,95190.586285051526,95190.586285051526,0,0,0,0,True,0.062167418171301891,0.062167418171301891,0,-0.052184264124958302,0,0
JBSS:2023-06-30,JBSS,VALIDATION,2023-06-30,2023-07-03,2023-07-10,LONG,SELL,117.2699966,100289.93264249827,100189.66778233893,95190.586285051526,100239.78767617702,50.119893838088508,50.144966321247253,100.26486015933577,False,0,0.062167418171301891,0,-0.0010002500833645618,0.051184014041593721,0.051184014041593721
JBSS:2023-07-07,JBSS,VALIDATION,2023-07-07,2023-07-10,2023-07-14,CASH,BUY,111.0299988,100000,97925.767855330065,100000,99950.024987506244,49.97501249375312,49.950037475009673,99.925049968762792,False,0.028307768309871695,0,0.028716158724501239,-0.020960465207505035,-0.020960465207505035,-0.049676623932006274
JBSS:2023-07-07,JBSS,VALIDATION,2023-07-07,2023-07-10,2023-07-14,CASH,HOLD,111.0299988,100000,100000,100000,0,0,0,0,True,0,0,0,0,0,0
JBSS:2023-07-07,JBSS,VALIDATION,2023-07-07,2023-07-10,2023-07-14,CASH,SELL,111.0299988,100000,100000,100000,0,0,0,0,True,0,0,0,0,0,0
JBSS:2023-07-07,JBSS,VALIDATION,2023-07-07,2023-07-10,2023-07-14,LONG,BUY,111.0299988,100261.19148260317,98279.747707247574,98279.747707247574,0,0,0,0,True,0.028307768309871695,0.028307768309871695,0,-0.01996071512420303,0,0
JBSS:2023-07-07,JBSS,VALIDATION,2023-07-07,2023-07-10,2023-07-14,LONG,HOLD,111.0299988,100261.19148260317,98279.747707247574,98279.747707247574,0,0,0,0,True,0.028307768309871695,0.028307768309871695,0,-0.01996071512420303,0,0
JBSS:2023-07-07,JBSS,VALIDATION,2023-07-07,2023-07-10,2023-07-14,LONG,SELL,111.0299988,100261.19148260317,100160.95535641845,98279.747707247574,100211.06088686187,50.105530443430936,50.130595741295615,100.23612618472654,False,0,0.028307768309871695,0,-0.0010002500833645618,0.018960465040838478,0.018960465040838478
JPM:2023-05-05,JPM,TRAIN,2023-05-05,2023-05-08,2023-05-12,CASH,BUY,136.7400055,100000,97436.905406114369,100000,99950.024987506244,49.97501249375312,49.950037475020174,99.925049968773294,False,0.024656333292531585,0,0.024965391415977624,-0.025965141499279761,-0.025965141499279761,-0.050930532915257384
JPM:2023-05-05,JPM,TRAIN,2023-05-05,2023-05-08,2023-05-12,CASH,HOLD,136.7400055,100000,100000,100000,0,0,0,0,True,0,0,0,0,0,0
JPM:2023-05-05,JPM,TRAIN,2023-05-05,2023-05-08,2023-05-12,CASH,SELL,136.7400055,100000,100000,100000,0,0,0,0,True,0,0,0,0,0,0
JPM:2023-05-05,JPM,TRAIN,2023-05-05,2023-05-08,2023-05-12,LONG,BUY,136.7400055,100548.48615608693,98069.329169362958,98069.329169362958,0,0,0,0,True,0.024656333292531585,0.024656333292531585,0,-0.02496539141597762,0,0
JPM:2023-05-05,JPM,TRAIN,2023-05-05,2023-05-08,2023-05-12,LONG,HOLD,136.7400055,100548.48615608693,98069.329169362958,98069.329169362958,0,0,0,0,True,0.024656333292531585,0.024656333292531585,0,-0.02496539141597762,0,0
JPM:2023-05-05,JPM,TRAIN,2023-05-05,2023-05-08,2023-05-12,LONG,SELL,136.7400055,100548.48615608693,100447.96280705238,98069.329169362958,100498.21191300888,50.249105956504444,50.274243078048059,100.5233490345525,False,0,0.024656333292531585,0,-0.0010002500833646729,0.023965141332612894,0.023965141332612894
JPM:2023-05-12,JPM,TRAIN,2023-05-12,2023-05-15,2023-05-19,CASH,BUY,134.1000061,100000,103553.22303564416,100000,99950.024987506258,49.975012493753127,49.950037475012735,99.925049968765862,False,0.0067291904824041682,0,0.0067519335704798872,0.034915526773695485,0.034915526773695485,0.028163593203215598
JPM:2023-05-12,JPM,TRAIN,2023-05-12,2023-05-15,2023-05-19,CASH,HOLD,134.1000061,100000,100000,100000,0,0,0,0,True,0,0,0,0,0,0
JPM:2023-05-12,JPM,TRAIN,2023-05-12,2023-05-15,2023-05-19,CASH,SELL,134.1000061,100000,100000,100000,0,0,0,0,True,0,0,0,0,0,0
JPM:2023-05-12,JPM,TRAIN,2023-05-12,2023-05-15,2023-05-19,LONG,BUY,134.1000061,100126.76971831995,103788.20758308675,103788.20758308675,0,0,0,0,True,0.0067291904824041682,0.0067291904824041682,0,0.035915276856997559,0,0
JPM:2023-05-12,JPM,TRAIN,2023-05-12,2023-05-15,2023-05-19,LONG,HOLD,134.1000061,100126.76971831995,103788.20758308675,103788.20758308675,0,0,0,0,True,0.0067291904824041682,0.0067291904824041682,0,0.035915276856997559,0,0
JPM:2023-05-12,JPM,TRAIN,2023-05-12,2023-05-15,2023-05-19,LONG,SELL,134.1000061,100126.76971831995,100026.66798029406,103788.20758308675,100076.7063334608,50.038353166730396,50.063384859157082,100.10173802588747,False,0,0.0067291904824041682,0,-0.0010002500833645618,-0.036915526940361987,-0.036915526940361987
JPM:2023-05-19,JPM,TRAIN,2023-05-19,2023-05-22,2023-05-26,CASH,BUY,139.17999270000001,100000,97023.521300833032,100000,99950.024987506244,49.97501249375312,49.950037475002411,99.92504996875553,False,0.04014187021276594,0,0.040969786912643941,-0.030216749242629907,-0.030216749242629907,-0.071186536155273844
JPM:2023-05-19,JPM,TRAIN,2023-05-19,2023-05-22,2023-05-26,CASH,HOLD,139.17999270000001,100000,100000,100000,0,0,0,0,True,0,0,0,0,0,0
JPM:2023-05-19,JPM,TRAIN,2023-05-19,2023-05-22,2023-05-26,CASH,SELL,139.17999270000001,100000,100000,100000,0,0,0,0,True,0,0,0,0,0,0
JPM:2023-05-19,JPM,TRAIN,2023-05-19,2023-05-22,2023-05-26,LONG,BUY,139.17999270000001,101307.66446002263,98390.580243219112,98390.580243219112,0,0,0,0,True,0.040141870212765829,0.040141870212765829,0,-0.029216999159327697,0,0
JPM:2023-05-19,JPM,TRAIN,2023-05-19,2023-05-22,2023-05-26,LONG,HOLD,139.17999270000001,101307.66446002263,98390.580243219112,98390.580243219112,0,0,0,0,True,0.040141870212765829,0.040141870212765829,0,-0.029216999159327697,0,0
JPM:2023-05-19,JPM,TRAIN,2023-05-19,2023-05-22,2023-05-26,LONG,SELL,139.17999270000001,101307.66446002263,101206.38212247874,98390.580243219112,101257.01062779264,50.628505313896319,50.653832229997924,101.28233754389424,False,0,0.040141870212765829,0,-0.0010002500833644506,0.028216749075963232,0.028216749075963232
JPM:2023-05-26,JPM,TRAIN,2023-05-26,2023-05-30,2023-06-05,CASH,BUY,136.9400024,100000,101572.3738325673,100000,99950.024987506258,49.975012493753127,49.950037475017993,99.92504996877112,False,0.01273097566348369,0,0.01281270897165184,0.015601401084986631,0.015601401084986631,0.0027886921133347918
JPM:2023-05-26,JPM,TRAIN,2023-05-26,2023-05-30,2023-06-05,CASH,HOLD,136.9400024,100000,100000,100000,0,0,0,0,True,0,0,0,0,0,0
JPM:2023-05-26,JPM,TRAIN,2023-05-26,2023-05-30,2023-06-05,CASH,SELL,136.9400024,100000,100000,100000,0,0,0,0,True,0,0,0,0,0,0
JPM:2023-05-26,JPM,TRAIN,2023-05-26,2023-05-30,2023-06-05,LONG,BUY,136.9400024,99897.765957684838,101570.0261883448,101570.0261883448,0,0,0,0,True,0.01273097566348369,0.01273097566348369,0,0.01660115116828868,0,0
JPM:2023-05-26,JPM,TRAIN,2023-05-26,2023-05-30,2023-06-05,LONG,HOLD,136.9400024,99897.765957684838,101570.0261883448,101570.0261883448,0,0,0,0,True,0.01273097566348369,0.01273097566348369,0,0.01660115116828868,0,0
JPM:2023-05-26,JPM,TRAIN,2023-05-26,2023-05-30,2023-06-05,LONG,SELL,136.9400024,99897.765957684838,99797.893166168637,101570.0261883448,99847.817074705992,49.923908537353,49.948882978844793,99.872791516197793,False,0,0.01273097566348369,0,-0.0010002500833646729,-0.017601401251653388,-0.017601401251653388
JPM:2023-06-02,JPM,TRAIN,2023-06-02,2023-06-05,2023-06-09,CASH,BUY,140.47000120000001,100000,100541.78116428823,100000,99950.024987506244,49.97501249375312,49.950037475006752,99.925049968759879,False,0.0072800249491971059,0,0.0073066536479324314,0.0054031880960203121,0.0054031880960203121,-0.0019034655519121193
JPM:2023-06-02,JPM,TRAIN,2023-06-02,2023-06-05,2023-06-09,CASH,HOLD,140.47000120000001,100000,100000,100000,0,0,0,0,True,0,0,0,0,0,0
JPM:2023-06-02,JPM,TRAIN,2023-06-02,2023-06-05,2023-06-09,CASH,SELL,140.47000120000001,100000,100000,100000,0,0,0,0,True,0,0,0,0,0,0
JPM:2023-06-02,JPM,TRAIN,2023-06-02,2023-06-05,2023-06-09,LONG,BUY,140.47000120000001,99743.717094806998,100384.41894738162,100384.41894738162,0,0,0,0,True,0.0072800249491969948,0.0072800249491969948,0,0.0064029381793224054,0,0
JPM:2023-06-02,JPM,TRAIN,2023-06-02,2023-06-05,2023-06-09,LONG,HOLD,140.47000120000001,99743.717094806998,100384.41894738162,100384.41894738162,0,0,0,0,True,0.0072800249491969948,0.0072800249491969948,0,0.0064029381793224054,0,0
JPM:2023-06-02,JPM,TRAIN,2023-06-02,2023-06-05,2023-06-09,LONG,SELL,140.47000120000001,99743.717094806998,99643.998313641467,100384.41894738162,99693.8452362596,49.846922618129803,49.871858547394645,99.718781165524447,False,0,0.0072800249491969948,0,-0.0010002500833645618,-0.0074031882626869648,-0.0074031882626869648
JPM:2023-06-09,JPM,TRAIN,2023-06-09,2023-06-12,2023-06-16,CASH,BUY,141.0099945,100000,101450.93533209924,100000,99950.024987506258,49.975012493753127,49.950037475001075,99.925049968754195,False,0.0037318601883751246,0,0.0037388409515077894,0.014405099877498278,0.014405099877498278,0.010666258925990489
JPM:2023-06-09,JPM,TRAIN,2023-06-09,2023-06-12,2023-06-16,CASH,HOLD,141.0099945,100000,100000,100000,0,0,0,0,True,0,0,0,0,0,0
JPM:2023-06-09,JPM,TRAIN,2023-06-09,2023-06-12,2023-06-16,CASH,SELL,141.0099945,100000,100000,100000,0,0,0,0,True,0,0,0,0,0,0
JPM:2023-06-09,JPM,TRAIN,2023-06-09,2023-06-12,2023-06-16,LONG,BUY,141.0099945,100042.55925277692,101595.63157773188,101595.63157773188,0,0,0,0,True,0.0037318601883749025,0.0037318601883749025,0,0.015404849960800222,0,0
JPM:2023-06-09,JPM,TRAIN,2023-06-09,2023-06-12,2023-06-16,LONG,HOLD,141.0099945,100042.55925277692,101595.63157773188,101595.63157773188,0,0,0,0,True,0.0037318601883749025,0.0037318601883749025,0,0.015404849960800222,0,0
JPM:2023-06-09,JPM,TRAIN,2023-06-09,2023-06-12,2023-06-16,LONG,SELL,141.0099945,100042.55925277692,99942.541704163959,101595.63157773188,99992.537973150538,49.996268986575274,50.021279626373889,100.01754861294916,False,0,0.0037318601883749025,0,-0.0010002500833645618,-0.016405100044164674,-0.016405100044164674
JPM:2023-06-16,JPM,TRAIN,2023-06-16,2023-06-20,2023-06-26,CASH,BUY,143.2599945,100000,97504.323774997785,100000,99950.024987506258,49.975012493753127,49.95003747500612,99.925049968759254,False,0.026365573831994005,0,0.026719378270845626,-0.025273462557329207,-0.025273462557329207,-0.051992840828174833
JPM:2023-06-16,JPM,TRAIN,2023-06-16,2023-06-20,2023-06-26,CASH,HOLD,143.2599945,100000,100000,100000,0,0,0,0,True,0,0,0,0,0,0
JPM:2023-06-16,JPM,TRAIN,2023-06-16,2023-06-20,2023-06-26,CASH,SELL,143.2599945,100000,100000,100000,0,0,0,0,True,0,0,0,0,0,0
JPM:2023-06-16,JPM,TRAIN,2023-06-16,2023-06-20,2023-06-26,LONG,BUY,143.2599945,99546.283732406533,97159.016992702716,97159.016992702716,0,0,0,0,True,0.026365573831994005,0.026365573831994005,0,-0.024273712474027331,0,0
JPM:2023-06-16,JPM,TRAIN,2023-06-16,2023-06-20,2023-06-26,LONG,HOLD,143.2599945,99546.283732406533,97159.016992702716,97159.016992702716,0,0,0,0,True,0.026365573831994005,0.026365573831994005,0,-0.024273712474027331,0,0
JPM:2023-06-16,JPM,TRAIN,2023-06-16,2023-06-20,2023-06-26,LONG,SELL,143.2599945,99546.283732406533,99446.762335245061,97159.016992702716,99496.510590540332,49.74825529527017,49.773141866193797,99.521397161463966,False,0,0.026365573831994005,0,-0.0010002500833645618,0.02327346239066282,0.02327346239066282
JPM:2023-06-30,JPM,VALIDATION,2023-06-30,2023-07-03,2023-07-10,CASH,BUY,145.4400024,100000,99872.734830440153,100000,99950.024987506244,49.97501249375312,49.950037475007434,99.925049968760561,False,0.016369919447364101,0,0.016505387008661918,-0.0012734622045042485,-0.0012734622045042485,-0.017778849213166168
JPM:2023-06-30,JPM,VALIDATION,2023-06-30,2023-07-03,2023-07-10,CASH,HOLD,145.4400024,100000,100000,100000,0,0,0,0,True,0,0,0,0,0,0
JPM:2023-06-30,JPM,VALIDATION,2023-06-30,2023-07-03,2023-07-10,CASH,SELL,145.4400024,100000,100000,100000,0,0,0,0,True,0,0,0,0,0,0
JPM:2023-06-30,JPM,VALIDATION,2023-06-30,2023-07-03,2023-07-10,LONG,BUY,145.4400024,100515.67655914725,100488.16796499174,100488.16796499174,0,0,0,0,True,0.01636991944736399,0.01636991944736399,0,-0.00027371212120222909,0,0
JPM:2023-06-30,JPM,VALIDATION,2023-06-30,2023-07-03,2023-07-10,LONG,HOLD,145.4400024,100515.67655914725,100488.16796499174,100488.16796499174,0,0,0,0,True,0.01636991944736399,0.01636991944736399,0,-0.00027371212120222909,0,0
JPM:2023-06-30,JPM,VALIDATION,2023-06-30,2023-07-03,2023-07-10,LONG,SELL,145.4400024,100515.67655914725,100415.18601150725,100488.16796499174,100465.41872086769,50.232709360433844,50.257838279565391,100.49054763999924,False,0,0.01636991944736399,0,-0.0010002500833645618,-0.00072653796216224232,-0.00072653796216224232
JPM:2023-07-07,JPM,VALIDATION,2023-07-07,2023-07-10,2023-07-14,CASH,BUY,144.3399963,100000,103543.49242101384,100000,99950.024987506244,49.97501249375312,49.950037475013417,99.92504996876653,False,0,0,0,0.034821555079204577,0.034821555079204577,0.034821555079204577
JPM:2023-07-07,JPM,VALIDATION,2023-07-07,2023-07-10,2023-07-14,CASH,HOLD,144.3399963,100000,100000,100000,0,0,0,0,True,0,0,0,0,0,0
JPM:2023-07-07,JPM,VALIDATION,2023-07-07,2023-07-10,2023-07-14,CASH,SELL,144.3399963,100000,100000,100000,0,0,0,0,True,0,0,0,0,0,0
JPM:2023-07-07,JPM,VALIDATION,2023-07-07,2023-07-10,2023-07-14,LONG,BUY,144.3399963,100110.85194963387,103761.95658805073,103761.95658805073,0,0,0,0,True,0,0,0,0.035821305162506915,0,0
JPM:2023-07-07,JPM,VALIDATION,2023-07-07,2023-07-10,2023-07-14,LONG,HOLD,144.3399963,100110.85194963387,103761.95658805073,103761.95658805073,0,0,0,0,True,0,0,0,0.035821305162506915,0,0
JPM:2023-07-07,JPM,VALIDATION,2023-07-07,2023-07-10,2023-07-14,LONG,SELL,144.3399963,100110.85194963387,100010.76612539722,103761.95658805073,100060.79652365905,50.030398261829525,50.055425974814732,100.08582423664426,False,0,0,0,-0.0010002500833646729,-0.03682155524587144,-0.03682155524587144
